Date,HomeTeam,AwayTeam,FTHG,FTAG,HS,AS,HST,AST,FTR,HomeTeam_Code,AwayTeam_Code,Day_Code,Target,FTHG_rolling_3,HS_rolling_3,HST_rolling_3,FTAG_rolling_3,AS_rolling_3,AST_rolling_3
2022-08-20,Bournemouth,Arsenal,0,3,6,14,1,6,A,2,0,5,0,2.0,7.0,3.0,2.0,10.0,2.0
2022-08-20,Leicester,Southampton,1,2,6,9,1,3,A,12,20,5,0,2.0,14.0,5.0,1.0,10.0,2.0
2022-08-20,Fulham,Brentford,3,2,18,13,9,5,H,9,3,5,1,2.0,9.0,3.0,2.0,8.0,3.0
2022-08-20,Crystal Palace,Aston Villa,3,1,17,13,9,5,H,7,1,5,1,0.0,10.0,2.0,0.0,15.0,2.0
2022-08-20,Tottenham,Wolves,1,0,11,20,4,3,H,21,23,5,1,4.0,18.0,8.0,1.0,15.0,6.0
2022-08-20,Everton,Nott'm Forest,1,1,19,14,8,5,D,8,18,5,0,0.0,8.0,4.0,0.0,5.0,0.0
2022-08-21,Leeds,Chelsea,3,0,12,14,6,3,H,11,6,6,1,2.0,12.0,4.0,1.0,15.0,6.0
2022-08-21,West Ham,Brighton,0,2,13,11,3,2,A,22,4,6,0,0.0,6.0,1.0,2.0,15.0,4.0
2022-08-21,Newcastle,Man City,3,3,12,21,6,10,D,17,15,6,0,2.0,23.0,10.0,2.0,14.0,2.0
2022-08-22,Man United,Liverpool,2,1,12,17,4,5,H,16,13,0,1,1.0,17.0,5.0,2.0,11.0,4.0
2022-08-27,Man City,Crystal Palace,4,2,18,2,5,2,H,15,7,5,1,4.0,19.0,7.0,1.0,7.0,3.0
2022-08-27,Arsenal,Fulham,2,1,22,11,8,3,H,0,9,5,1,4.0,19.0,7.0,0.0,9.0,3.0
2022-08-27,Chelsea,Leicester,2,1,7,17,3,5,H,6,12,5,1,2.0,16.0,3.0,2.0,6.0,2.0
2022-08-27,Liverpool,Bournemouth,9,0,19,5,12,2,H,13,2,5,1,1.0,24.0,4.0,0.0,3.0,1.0
2022-08-27,Brentford,Everton,1,1,19,14,5,7,D,3,8,5,0,4.0,13.0,7.0,1.0,15.0,4.0
2022-08-27,Southampton,Man United,0,1,17,11,5,6,A,20,16,5,0,2.0,14.0,4.0,0.0,15.0,4.0
2022-08-27,Brighton,Leeds,1,0,13,10,4,2,H,4,11,5,1,0.0,13.0,7.0,2.0,13.0,5.0
2022-08-28,Aston Villa,West Ham,0,1,9,7,3,2,A,1,22,6,0,2.0,12.0,4.0,0.0,19.0,5.0
2022-08-28,Wolves,Newcastle,1,1,10,21,4,6,D,23,17,6,0,0.0,7.0,1.0,0.0,4.0,1.0
2022-08-28,Nott'm Forest,Tottenham,0,2,17,18,1,7,A,18,21,6,0,1.0,13.0,6.0,2.0,10.0,5.0
2022-08-30,Leeds,Everton,1,1,14,7,5,2,D,11,8,1,0,3.0,12.0,6.0,1.0,14.0,7.0
2022-08-30,Crystal Palace,Brentford,1,1,13,9,4,3,D,7,3,1,0,3.0,17.0,9.0,2.0,13.0,5.0
2022-08-30,Fulham,Brighton,2,1,10,7,3,4,H,9,4,1,1,3.0,18.0,9.0,2.0,11.0,2.0
2022-08-30,Southampton,Chelsea,2,1,9,10,7,4,H,20,6,1,1,0.0,17.0,5.0,0.0,14.0,3.0
2022-08-31,Arsenal,Aston Villa,2,1,22,4,9,3,H,0,1,2,1,2.0,22.0,8.0,1.0,13.0,5.0
2022-08-31,Bournemouth,Wolves,0,0,5,17,2,4,D,2,23,2,0,0.0,6.0,1.0,0.0,20.0,3.0
2022-08-31,Man City,Nott'm Forest,6,0,17,8,9,1,H,15,18,2,1,4.0,18.0,5.0,1.0,14.0,5.0
2022-08-31,West Ham,Tottenham,1,1,14,13,4,4,D,22,21,2,0,0.0,13.0,3.0,2.0,18.0,7.0
2022-08-31,Liverpool,Newcastle,2,1,23,5,6,2,H,13,17,2,1,9.0,19.0,12.0,1.0,21.0,6.0
2022-09-01,Leicester,Man United,0,1,10,9,2,2,A,12,16,3,0,1.0,6.0,1.0,1.0,11.0,6.0
2022-09-03,Brentford,Leeds,5,2,14,17,8,6,H,3,11,5,1,1.0,19.0,5.0,0.0,10.0,2.0
2022-09-03,Wolves,Southampton,1,0,7,12,2,1,H,23,20,5,1,1.0,10.0,4.0,2.0,9.0,3.0
2022-09-03,Aston Villa,Man City,1,1,3,13,1,4,D,1,15,5,0,0.0,9.0,3.0,3.0,21.0,10.0
2022-09-03,Tottenham,Fulham,2,1,23,9,10,3,H,21,9,5,1,1.0,11.0,4.0,1.0,11.0,3.0
2022-09-03,Everton,Liverpool,0,0,14,23,3,8,D,8,13,5,0,1.0,19.0,8.0,1.0,17.0,5.0
2022-09-03,Newcastle,Crystal Palace,0,0,23,19,6,9,D,17,7,5,0,3.0,12.0,6.0,2.0,2.0,2.0
2022-09-03,Chelsea,West Ham,2,1,8,6,3,3,H,6,22,5,1,2.0,7.0,3.0,1.0,7.0,2.0
2022-09-03,Nott'm Forest,Bournemouth,2,3,11,8,3,3,A,18,2,5,0,0.0,17.0,1.0,0.0,5.0,2.0
2022-09-04,Brighton,Leicester,5,2,23,6,11,4,H,4,12,6,1,1.0,13.0,4.0,1.0,17.0,5.0
2022-09-04,Man United,Arsenal,3,1,10,16,6,3,H,16,0,6,1,2.0,12.0,4.0,3.0,14.0,6.0
2022-09-16,Aston Villa,Southampton,1,0,11,7,3,1,H,1,20,4,1,1.0,3.0,1.0,0.0,12.0,1.0
2022-09-16,Nott'm Forest,Fulham,2,3,11,15,3,7,A,18,9,4,0,2.0,11.0,3.0,1.0,9.0,3.0
2022-09-17,Wolves,Man City,0,3,6,16,1,7,A,23,15,5,0,1.0,7.0,2.0,1.0,13.0,4.0
2022-09-17,Newcastle,Bournemouth,1,1,20,10,7,3,D,17,2,5,0,0.0,23.0,6.0,3.0,8.0,3.0
2022-09-17,Tottenham,Leicester,6,2,16,19,11,7,H,21,12,5,1,2.0,23.0,10.0,2.0,6.0,4.0
2022-09-18,Brentford,Arsenal,0,3,5,13,2,7,A,3,0,6,0,5.0,14.0,8.0,1.0,16.0,3.0
2022-09-18,Everton,West Ham,1,0,7,14,2,4,H,8,22,6,1,0.0,14.0,3.0,1.0,6.0,3.0
2022-10-01,Southampton,Everton,1,2,22,12,6,5,A,20,8,5,0,2.0,9.0,7.0,1.0,7.0,2.0
2022-10-01,West Ham,Wolves,2,0,18,15,5,4,H,22,23,5,1,1.0,14.0,4.0,0.0,17.0,4.0
2022-10-01,Liverpool,Brighton,3,3,15,6,7,6,D,13,4,5,0,2.0,23.0,6.0,1.0,7.0,4.0
2022-10-01,Crystal Palace,Chelsea,1,2,7,13,3,3,A,7,6,5,0,1.0,13.0,4.0,1.0,10.0,4.0
2022-10-01,Fulham,Newcastle,1,4,3,19,1,10,A,9,17,5,0,2.0,10.0,3.0,1.0,5.0,2.0
2022-10-01,Bournemouth,Brentford,0,0,7,13,1,4,D,2,3,5,0,0.0,5.0,2.0,1.0,9.0,3.0
2022-10-01,Arsenal,Tottenham,3,1,22,7,9,3,H,0,21,5,1,2.0,22.0,9.0,1.0,13.0,4.0
2022-10-02,Man City,Man United,6,3,22,12,10,8,H,15,16,6,1,6.0,17.0,9.0,1.0,9.0,2.0
2022-10-02,Leeds,Aston Villa,0,0,9,19,1,7,D,11,1,6,0,1.0,14.0,5.0,1.0,4.0,3.0
2022-10-03,Leicester,Nott'm Forest,4,0,17,10,7,3,H,12,18,0,1,0.0,10.0,2.0,0.0,8.0,1.0
2022-10-08,Bournemouth,Leicester,2,1,10,9,4,5,H,2,12,5,1,0.0,7.0,1.0,2.0,19.0,7.0
2022-10-08,Chelsea,Wolves,3,0,20,8,7,2,H,6,23,5,1,2.0,8.0,3.0,0.0,15.0,4.0
2022-10-08,Man City,Southampton,4,0,21,5,8,0,H,15,20,5,1,6.0,22.0,10.0,0.0,7.0,1.0
2022-10-08,Newcastle,Brentford,5,1,16,6,6,3,H,17,3,5,1,1.0,20.0,7.0,0.0,13.0,4.0
2022-10-08,Brighton,Tottenham,0,1,14,8,4,3,A,4,21,5,0,5.0,23.0,11.0,1.0,7.0,3.0
2022-10-09,Crystal Palace,Leeds,2,1,13,10,5,4,H,7,11,6,1,1.0,7.0,3.0,2.0,17.0,6.0
2022-10-09,West Ham,Fulham,3,1,17,8,8,2,H,22,9,6,1,2.0,18.0,5.0,3.0,15.0,7.0
2022-10-09,Arsenal,Liverpool,3,2,11,8,7,3,H,0,13,6,1,3.0,22.0,9.0,0.0,23.0,8.0
2022-10-09,Everton,Man United,1,2,11,12,2,4,A,8,16,6,0,1.0,7.0,2.0,3.0,12.0,8.0
2022-10-10,Nott'm Forest,Aston Villa,1,1,6,12,3,2,D,18,1,0,0,2.0,11.0,3.0,0.0,19.0,7.0
2022-10-14,Brentford,Brighton,2,0,7,21,3,7,H,3,4,4,1,0.0,5.0,2.0,3.0,6.0,6.0
2022-10-15,Leicester,Crystal Palace,0,0,14,8,5,1,D,12,7,5,0,4.0,17.0,7.0,0.0,19.0,9.0
2022-10-15,Fulham,Bournemouth,2,2,19,10,4,6,D,9,2,5,0,1.0,3.0,1.0,1.0,10.0,3.0
2022-10-15,Wolves,Nott'm Forest,1,0,9,10,2,2,H,23,18,5,1,0.0,6.0,1.0,0.0,10.0,3.0
2022-10-15,Tottenham,Everton,2,0,21,4,7,0,H,21,8,5,1,6.0,16.0,11.0,2.0,12.0,5.0
2022-10-16,Southampton,West Ham,1,1,10,25,8,4,D,20,22,6,0,1.0,22.0,6.0,0.0,14.0,4.0
2022-10-16,Man United,Newcastle,0,0,15,9,2,2,D,16,17,6,0,3.0,10.0,6.0,4.0,19.0,10.0
2022-10-16,Liverpool,Man City,1,0,13,16,2,6,H,13,15,6,1,3.0,15.0,7.0,3.0,16.0,7.0
2022-10-16,Aston Villa,Chelsea,0,2,18,8,7,4,A,1,6,6,0,1.0,11.0,3.0,2.0,13.0,3.0
2022-10-16,Leeds,Arsenal,0,1,16,9,4,4,A,11,0,6,0,0.0,9.0,1.0,3.0,13.0,7.0
2022-10-18,Brighton,Nott'm Forest,0,0,19,3,7,0,D,4,18,1,0,0.0,14.0,4.0,0.0,10.0,2.0
2022-10-18,Crystal Palace,Wolves,2,1,14,10,4,4,H,7,23,1,1,2.0,13.0,5.0,0.0,8.0,2.0
2022-10-19,Bournemouth,Southampton,0,1,15,9,3,3,A,2,20,2,0,2.0,10.0,4.0,0.0,5.0,0.0
2022-10-19,Brentford,Chelsea,0,0,8,14,5,5,D,3,6,2,0,2.0,7.0,3.0,2.0,8.0,4.0
2022-10-19,Liverpool,West Ham,1,0,22,8,7,3,H,13,22,2,1,1.0,13.0,2.0,1.0,25.0,4.0
2022-10-19,Newcastle,Everton,1,0,16,1,4,0,H,17,8,2,1,5.0,16.0,6.0,0.0,4.0,0.0
2022-10-19,Man United,Tottenham,2,0,28,9,10,2,H,16,21,2,1,0.0,15.0,2.0,1.0,8.0,3.0
2022-10-20,Leicester,Leeds,2,0,5,14,1,2,H,12,11,3,1,0.0,14.0,5.0,1.0,10.0,4.0
2022-10-20,Fulham,Aston Villa,3,0,18,12,8,6,H,9,1,3,1,2.0,19.0,4.0,1.0,12.0,2.0
2022-10-22,Nott'm Forest,Liverpool,1,0,10,15,7,7,H,18,13,5,1,1.0,6.0,3.0,2.0,8.0,3.0
2022-10-22,Everton,Crystal Palace,3,0,9,9,6,2,H,8,7,5,1,1.0,11.0,2.0,0.0,8.0,1.0
2022-10-22,Man City,Brighton,3,1,10,8,4,2,H,15,4,5,1,4.0,21.0,8.0,0.0,21.0,7.0
2022-10-22,Chelsea,Man United,1,1,6,13,2,6,D,6,16,5,0,3.0,20.0,7.0,2.0,12.0,4.0
2022-10-23,Aston Villa,Brentford,4,0,19,12,11,3,H,1,3,6,1,0.0,18.0,7.0,1.0,6.0,3.0
2022-10-23,Leeds,Fulham,2,3,14,11,5,5,A,11,9,6,0,0.0,16.0,4.0,1.0,8.0,2.0
2022-10-23,Southampton,Arsenal,1,1,10,12,3,3,D,20,0,6,0,1.0,10.0,8.0,1.0,9.0,4.0
2022-10-23,Wolves,Leicester,0,4,21,5,5,4,A,23,12,6,0,1.0,9.0,2.0,1.0,9.0,5.0
2022-10-23,Tottenham,Newcastle,1,2,17,13,5,5,A,21,17,6,0,2.0,21.0,7.0,0.0,9.0,2.0
2022-10-24,West Ham,Bournemouth,2,0,20,5,4,3,H,22,2,0,1,3.0,17.0,8.0,2.0,10.0,6.0
2022-10-29,Liverpool,Leeds,1,2,22,14,10,6,A,13,11,5,0,1.0,22.0,7.0,0.0,14.0,2.0
2022-10-29,Fulham,Everton,0,0,24,9,6,4,D,9,8,5,0,3.0,18.0,8.0,0.0,1.0,0.0
2022-10-29,Newcastle,Aston Villa,4,0,20,3,7,0,H,17,1,5,1,1.0,16.0,4.0,0.0,12.0,6.0
2022-10-29,Crystal Palace,Southampton,1,0,12,14,3,4,H,7,20,5,1,2.0,14.0,4.0,1.0,9.0,3.0
2022-10-29,Brentford,Wolves,1,1,12,14,3,4,D,3,23,5,0,0.0,8.0,5.0,1.0,10.0,4.0
2022-10-29,Bournemouth,Tottenham,2,3,6,23,4,7,A,2,21,5,0,0.0,15.0,3.0,0.0,9.0,2.0
2022-10-29,Leicester,Man City,0,1,10,15,5,5,A,12,15,5,0,2.0,5.0,1.0,0.0,16.0,6.0
2022-10-29,Brighton,Chelsea,4,1,19,15,9,7,H,4,6,5,1,0.0,19.0,7.0,0.0,14.0,5.0
2022-10-30,Arsenal,Nott'm Forest,5,0,24,5,10,2,H,0,18,6,1,3.0,11.0,7.0,0.0,3.0,0.0
2022-10-30,Man United,West Ham,1,0,16,13,3,5,H,16,22,6,1,2.0,28.0,10.0,0.0,8.0,3.0
2022-11-05,Leeds,Bournemouth,4,3,18,9,4,6,H,11,2,5,1,2.0,14.0,5.0,0.0,5.0,3.0
2022-11-05,Man City,Fulham,2,1,16,4,5,2,H,15,9,5,1,3.0,10.0,4.0,3.0,11.0,5.0
2022-11-05,Nott'm Forest,Brentford,2,2,15,6,7,2,D,18,3,5,0,1.0,10.0,7.0,0.0,12.0,3.0
2022-11-05,Wolves,Brighton,2,3,8,19,5,8,A,23,4,5,0,0.0,21.0,5.0,1.0,8.0,2.0
2022-11-05,Everton,Leicester,0,2,12,22,2,8,A,8,12,5,0,3.0,9.0,6.0,4.0,5.0,4.0
2022-11-06,West Ham,Crystal Palace,1,2,5,15,2,6,A,22,7,6,0,2.0,20.0,4.0,0.0,9.0,2.0
2022-11-06,Chelsea,Arsenal,0,1,5,14,1,2,A,6,0,6,0,1.0,6.0,2.0,1.0,12.0,3.0
2022-11-06,Aston Villa,Man United,3,1,6,8,4,3,H,1,16,6,1,4.0,19.0,11.0,1.0,13.0,6.0
2022-11-06,Southampton,Newcastle,1,4,16,7,5,4,A,20,17,6,0,1.0,10.0,3.0,2.0,13.0,5.0
2022-11-06,Tottenham,Liverpool,1,2,14,13,5,6,A,21,13,6,0,1.0,17.0,5.0,0.0,15.0,7.0
2022-11-12,Newcastle,Chelsea,1,0,10,5,3,2,H,17,6,5,1,4.0,20.0,7.0,1.0,15.0,7.0
2022-11-12,Wolves,Arsenal,0,2,11,14,2,4,A,23,0,5,0,2.0,8.0,5.0,1.0,14.0,2.0
2022-11-12,Tottenham,Leeds,4,3,14,12,8,5,H,21,11,5,1,1.0,14.0,5.0,2.0,14.0,6.0
2022-11-12,West Ham,Leicester,0,2,18,9,6,6,A,22,12,5,0,1.0,5.0,2.0,2.0,22.0,8.0
2022-11-12,Liverpool,Southampton,3,1,15,9,7,5,H,13,20,5,1,1.0,22.0,10.0,0.0,14.0,4.0
2022-11-12,Nott'm Forest,Crystal Palace,1,0,9,8,2,0,H,18,7,5,1,2.0,15.0,7.0,2.0,15.0,6.0
2022-11-12,Bournemouth,Everton,3,0,16,15,9,3,H,2,8,5,1,2.0,6.0,4.0,0.0,9.0,4.0
2022-11-12,Man City,Brentford,1,2,29,10,6,8,A,15,3,5,0,2.0,16.0,5.0,2.0,6.0,2.0
2022-11-13,Brighton,Aston Villa,1,2,7,8,2,2,A,4,1,6,0,4.0,19.0,9.0,0.0,3.0,0.0
2022-11-13,Fulham,Man United,1,2,14,14,7,9,A,9,16,6,0,0.0,24.0,6.0,1.0,8.0,3.0
2022-12-26,Brentford,Tottenham,2,2,9,16,5,8,D,3,21,0,0,1.0,12.0,3.0,3.0,23.0,7.0
2022-12-26,Crystal Palace,Fulham,0,3,4,23,0,11,A,7,9,0,0,1.0,12.0,3.0,1.0,4.0,2.0
2022-12-26,Everton,Wolves,1,2,12,7,6,4,A,8,23,0,0,0.0,12.0,2.0,1.0,14.0,4.0
2022-12-26,Leicester,Newcastle,0,3,8,12,2,5,A,12,17,0,0,0.0,10.0,5.0,4.0,7.0,4.0
2022-12-26,Southampton,Brighton,1,3,14,7,4,4,A,20,4,0,0,1.0,16.0,5.0,3.0,19.0,8.0
2022-12-26,Aston Villa,Liverpool,1,3,12,16,6,9,A,1,13,0,0,3.0,6.0,4.0,2.0,13.0,6.0
2022-12-26,Arsenal,West Ham,3,1,16,8,5,4,H,0,22,0,1,5.0,24.0,10.0,0.0,13.0,5.0
2022-12-27,Chelsea,Bournemouth,2,0,15,9,5,4,H,6,2,1,1,0.0,5.0,1.0,3.0,9.0,6.0
2022-12-27,Man United,Nott'm Forest,3,0,17,8,8,3,H,16,18,1,1,1.0,16.0,3.0,0.0,5.0,2.0
2022-12-28,Leeds,Man City,1,3,9,26,1,9,A,11,15,2,0,4.0,18.0,4.0,1.0,15.0,5.0
2022-12-30,Liverpool,Leicester,2,1,21,7,5,2,H,13,12,4,1,3.0,15.0,7.0,2.0,9.0,6.0
2022-12-30,West Ham,Brentford,0,2,20,9,5,6,A,22,3,4,0,0.0,18.0,6.0,2.0,10.0,8.0
2022-12-31,Wolves,Man United,0,1,10,16,3,6,A,23,16,5,0,0.0,11.0,2.0,2.0,14.0,9.0
2022-12-31,Bournemouth,Crystal Palace,0,2,6,15,2,6,A,2,7,5,0,3.0,16.0,9.0,0.0,8.0,0.0
2022-12-31,Fulham,Southampton,2,1,8,9,2,3,H,9,20,5,1,1.0,14.0,7.0,1.0,9.0,5.0
2022-12-31,Man City,Everton,1,1,16,2,3,1,D,15,8,5,0,1.0,29.0,6.0,0.0,15.0,3.0
2022-12-31,Newcastle,Leeds,0,0,16,8,5,1,D,17,11,5,0,1.0,10.0,3.0,3.0,12.0,5.0
2022-12-31,Brighton,Arsenal,2,4,9,14,5,7,A,4,0,5,0,1.0,7.0,2.0,2.0,14.0,4.0
2023-01-01,Tottenham,Aston Villa,0,2,6,13,2,4,A,21,1,6,0,4.0,14.0,8.0,2.0,8.0,2.0
2023-01-01,Nott'm Forest,Chelsea,1,1,12,7,5,2,D,18,6,6,0,1.0,9.0,2.0,0.0,5.0,2.0
2023-01-02,Brentford,Liverpool,3,1,10,16,7,6,H,3,13,0,1,2.0,9.0,5.0,3.0,16.0,9.0
2023-01-03,Arsenal,Newcastle,0,0,17,8,4,1,D,0,17,1,0,3.0,16.0,5.0,3.0,12.0,5.0
2023-01-03,Everton,Brighton,1,4,10,19,4,8,A,8,4,1,0,1.0,12.0,6.0,3.0,7.0,4.0
2023-01-03,Leicester,Fulham,0,1,15,11,6,2,A,12,9,1,0,0.0,8.0,2.0,3.0,23.0,11.0
2023-01-03,Man United,Bournemouth,3,0,18,7,6,4,H,16,2,1,1,3.0,17.0,8.0,0.0,9.0,4.0
2023-01-04,Aston Villa,Wolves,1,1,13,10,4,3,D,1,23,2,0,1.0,12.0,6.0,2.0,7.0,4.0
2023-01-04,Crystal Palace,Tottenham,0,4,19,14,4,6,A,7,21,2,0,0.0,4.0,0.0,2.0,16.0,8.0
2023-01-04,Southampton,Nott'm Forest,0,1,8,11,0,1,A,20,18,2,0,1.0,14.0,4.0,0.0,8.0,3.0
2023-01-04,Leeds,West Ham,2,2,14,15,6,2,D,11,22,2,0,1.0,9.0,1.0,1.0,8.0,4.0
2023-01-05,Chelsea,Man City,0,1,8,12,2,3,A,6,15,3,0,2.0,15.0,5.0,3.0,26.0,9.0
2023-01-12,Fulham,Chelsea,2,1,8,20,3,10,H,9,6,3,1,2.0,8.0,2.0,1.0,7.0,2.0
2023-01-13,Aston Villa,Leeds,2,1,11,16,5,4,H,1,11,4,1,1.0,13.0,4.0,0.0,8.0,1.0
2023-01-14,Man United,Man City,2,1,8,5,4,1,H,16,15,5,1,3.0,18.0,6.0,1.0,12.0,3.0
2023-01-14,Brighton,Liverpool,3,0,16,6,9,2,H,4,13,5,1,2.0,9.0,5.0,1.0,16.0,6.0
2023-01-14,Everton,Southampton,1,2,12,13,4,5,A,8,20,5,0,1.0,10.0,4.0,1.0,9.0,3.0
2023-01-14,Nott'm Forest,Leicester,2,0,15,6,5,1,H,18,12,5,1,1.0,12.0,5.0,1.0,7.0,2.0
2023-01-14,Wolves,West Ham,1,0,17,16,4,4,H,23,22,5,1,0.0,10.0,3.0,2.0,15.0,2.0
2023-01-14,Brentford,Bournemouth,2,0,12,7,4,2,H,3,2,5,1,3.0,10.0,7.0,0.0,7.0,4.0
2023-01-15,Chelsea,Crystal Palace,1,0,15,10,5,5,H,6,7,6,1,0.0,8.0,2.0,2.0,15.0,6.0
2023-01-15,Newcastle,Fulham,1,0,20,5,5,0,H,17,9,6,1,0.0,16.0,5.0,1.0,11.0,2.0
2023-01-15,Tottenham,Arsenal,0,2,17,14,7,5,A,21,0,6,0,0.0,6.0,2.0,4.0,14.0,7.0
2023-01-18,Crystal Palace,Man United,1,1,10,15,5,4,D,7,16,2,0,0.0,19.0,4.0,1.0,16.0,6.0
2023-01-19,Man City,Tottenham,4,2,16,9,6,3,H,15,21,3,1,1.0,16.0,3.0,4.0,14.0,6.0
2023-01-21,West Ham,Everton,2,0,11,5,4,2,H,22,8,5,1,0.0,20.0,5.0,1.0,2.0,1.0
2023-01-21,Southampton,Aston Villa,0,1,8,16,5,5,A,20,1,5,0,0.0,8.0,0.0,2.0,13.0,4.0
2023-01-21,Crystal Palace,Newcastle,0,0,6,16,1,7,D,7,17,5,0,1.0,10.0,5.0,0.0,8.0,1.0
2023-01-21,Bournemouth,Nott'm Forest,1,1,16,20,4,5,D,2,18,5,0,0.0,6.0,2.0,1.0,11.0,1.0
2023-01-21,Liverpool,Chelsea,0,0,15,11,3,2,D,13,6,5,0,2.0,21.0,5.0,1.0,20.0,10.0
2023-01-21,Leicester,Brighton,2,2,9,13,2,4,D,12,4,5,0,0.0,15.0,6.0,4.0,19.0,8.0
2023-01-22,Leeds,Brentford,0,0,9,6,5,0,D,11,3,6,0,2.0,14.0,6.0,2.0,9.0,6.0
2023-01-22,Man City,Wolves,3,0,13,10,7,1,H,15,23,6,1,4.0,16.0,6.0,1.0,10.0,3.0
2023-01-22,Arsenal,Man United,3,2,25,6,5,4,H,0,16,6,1,0.0,17.0,4.0,1.0,15.0,4.0
2023-01-23,Fulham,Tottenham,0,1,10,10,5,3,A,9,21,0,0,2.0,8.0,3.0,2.0,9.0,3.0
2023-02-03,Chelsea,Fulham,0,0,12,10,3,4,D,6,9,4,0,1.0,15.0,5.0,0.0,5.0,0.0
2023-02-04,Newcastle,West Ham,1,1,8,10,2,1,D,17,22,5,0,1.0,20.0,5.0,0.0,16.0,4.0
2023-02-04,Wolves,Liverpool,3,0,12,22,6,4,H,23,13,5,1,1.0,17.0,4.0,0.0,6.0,2.0
2023-02-04,Man United,Crystal Palace,2,1,14,10,5,3,H,16,7,5,1,2.0,8.0,4.0,0.0,10.0,5.0
2023-02-04,Brentford,Southampton,3,0,14,14,4,6,H,3,20,5,1,2.0,12.0,4.0,2.0,13.0,5.0
2023-02-04,Aston Villa,Leicester,2,4,19,9,4,5,A,1,12,5,0,2.0,11.0,5.0,0.0,6.0,1.0
2023-02-04,Everton,Arsenal,1,0,12,15,4,3,H,8,0,5,1,1.0,12.0,4.0,2.0,14.0,5.0
2023-02-04,Brighton,Bournemouth,1,0,20,12,6,2,H,4,2,5,1,3.0,16.0,9.0,0.0,7.0,2.0
2023-02-05,Nott'm Forest,Leeds,1,0,6,10,2,4,H,18,11,6,1,2.0,15.0,5.0,1.0,16.0,4.0
2023-02-05,Tottenham,Man City,1,0,12,15,3,5,H,21,15,6,1,0.0,17.0,7.0,1.0,5.0,1.0
2023-02-08,Man United,Leeds,2,2,24,8,7,2,D,16,11,2,0,2.0,14.0,5.0,0.0,10.0,4.0
2023-02-11,Bournemouth,Newcastle,1,1,11,15,5,7,D,2,17,5,0,1.0,16.0,4.0,0.0,16.0,7.0
2023-02-11,Southampton,Wolves,1,2,17,11,2,2,A,20,23,5,0,0.0,8.0,5.0,0.0,10.0,1.0
2023-02-11,Leicester,Tottenham,4,1,15,11,7,4,H,12,21,5,1,2.0,9.0,2.0,1.0,10.0,3.0
2023-02-11,Arsenal,Brentford,1,1,23,9,7,2,D,0,3,5,0,3.0,25.0,5.0,0.0,6.0,0.0
2023-02-11,Crystal Palace,Brighton,1,1,6,17,1,7,D,7,4,5,0,0.0,6.0,1.0,2.0,13.0,4.0
2023-02-11,Fulham,Nott'm Forest,2,0,16,10,3,1,H,9,18,5,1,0.0,10.0,5.0,1.0,20.0,5.0
2023-02-11,West Ham,Chelsea,1,1,10,12,2,4,D,22,6,5,0,2.0,11.0,4.0,0.0,11.0,2.0
2023-02-12,Leeds,Man United,0,2,16,11,6,5,A,11,16,6,0,0.0,9.0,5.0,2.0,6.0,4.0
2023-02-12,Man City,Aston Villa,3,1,17,6,9,2,H,15,1,6,1,3.0,13.0,7.0,1.0,16.0,5.0
2023-02-13,Liverpool,Everton,2,0,15,6,6,1,H,13,8,0,1,0.0,15.0,3.0,0.0,5.0,2.0
2023-02-15,Arsenal,Man City,1,3,10,9,1,6,A,0,15,2,0,1.0,23.0,7.0,0.0,15.0,5.0
2023-02-18,Everton,Leeds,1,0,15,8,6,0,H,8,11,5,1,1.0,12.0,4.0,2.0,8.0,2.0
2023-02-18,Aston Villa,Arsenal,2,4,7,20,5,5,A,1,0,5,0,2.0,19.0,4.0,0.0,15.0,3.0
2023-02-18,Brentford,Crystal Palace,1,1,12,10,5,4,D,3,7,5,0,3.0,14.0,4.0,1.0,10.0,3.0
2023-02-18,Brighton,Fulham,0,1,21,5,7,2,A,4,9,5,0,1.0,20.0,6.0,0.0,10.0,4.0
2023-02-18,Chelsea,Southampton,0,1,17,8,5,5,A,6,20,5,0,0.0,12.0,3.0,0.0,14.0,6.0
2023-02-18,Nott'm Forest,Man City,1,1,4,26,1,6,D,18,15,5,0,1.0,6.0,2.0,3.0,9.0,6.0
2023-02-18,Wolves,Bournemouth,0,1,15,5,4,1,A,23,2,5,0,3.0,12.0,6.0,0.0,12.0,2.0
2023-02-18,Newcastle,Liverpool,0,2,14,13,4,7,A,17,13,5,0,1.0,8.0,2.0,0.0,22.0,4.0
2023-02-19,Man United,Leicester,3,0,26,19,8,3,H,16,12,6,1,2.0,24.0,7.0,4.0,9.0,5.0
2023-02-19,Tottenham,West Ham,2,0,16,6,6,1,H,21,22,6,1,1.0,12.0,3.0,1.0,10.0,1.0
2023-02-24,Fulham,Wolves,1,1,10,8,5,2,D,9,23,4,0,2.0,16.0,3.0,2.0,11.0,2.0
2023-02-25,Bournemouth,Man City,1,4,13,20,2,5,A,2,15,5,0,1.0,11.0,5.0,1.0,26.0,6.0
2023-02-25,Crystal Palace,Liverpool,0,0,6,12,0,4,D,7,13,5,0,1.0,6.0,1.0,2.0,13.0,7.0
2023-02-25,West Ham,Nott'm Forest,4,0,18,8,5,3,H,22,18,5,1,1.0,10.0,2.0,0.0,10.0,1.0
2023-02-25,Everton,Aston Villa,0,2,15,9,5,5,A,8,1,5,0,1.0,15.0,6.0,1.0,6.0,2.0
2023-02-25,Leeds,Southampton,1,0,14,8,4,2,H,11,20,5,1,0.0,16.0,6.0,1.0,8.0,5.0
2023-02-25,Leicester,Arsenal,0,1,1,10,0,2,A,12,0,5,0,4.0,15.0,7.0,4.0,20.0,5.0
2023-02-26,Tottenham,Chelsea,2,0,8,10,3,2,H,21,6,6,1,2.0,16.0,6.0,1.0,12.0,4.0
2023-03-01,Arsenal,Everton,4,0,15,8,5,5,H,0,8,2,1,1.0,10.0,1.0,0.0,6.0,1.0
2023-03-01,Liverpool,Wolves,2,0,15,4,6,1,H,13,23,2,1,2.0,15.0,6.0,1.0,8.0,2.0
2023-03-04,Southampton,Leicester,1,0,11,11,5,0,H,20,12,5,1,1.0,17.0,2.0,0.0,19.0,3.0
2023-03-04,Man City,Newcastle,2,0,11,5,3,2,H,15,17,5,1,3.0,17.0,9.0,1.0,15.0,7.0
2023-03-04,Arsenal,Bournemouth,3,2,31,4,9,4,H,0,2,5,1,4.0,15.0,5.0,1.0,5.0,1.0
2023-03-04,Aston Villa,Crystal Palace,1,0,8,3,1,0,H,1,7,5,1,2.0,7.0,5.0,1.0,10.0,4.0
2023-03-04,Brighton,West Ham,4,0,20,3,9,2,H,4,22,5,1,0.0,21.0,7.0,0.0,6.0,1.0
2023-03-04,Chelsea,Leeds,1,0,13,11,3,2,H,6,11,5,1,0.0,17.0,5.0,0.0,8.0,0.0
2023-03-04,Wolves,Tottenham,1,0,8,21,5,6,H,23,21,5,1,0.0,15.0,4.0,1.0,11.0,4.0
2023-03-05,Liverpool,Man United,7,0,18,8,8,4,H,13,16,6,1,2.0,15.0,6.0,2.0,11.0,5.0
2023-03-05,Nott'm Forest,Everton,2,2,10,10,4,3,D,18,8,6,0,1.0,4.0,1.0,0.0,8.0,5.0
2023-03-06,Brentford,Fulham,3,2,14,9,6,5,H,3,9,0,1,1.0,12.0,5.0,1.0,5.0,2.0
2023-03-11,Bournemouth,Liverpool,1,0,5,15,2,6,H,2,13,5,1,1.0,13.0,2.0,0.0,12.0,4.0
2023-03-11,Everton,Brentford,1,0,13,12,6,4,H,8,3,5,1,0.0,15.0,5.0,1.0,9.0,2.0
2023-03-11,Leeds,Brighton,2,2,12,14,4,2,D,11,4,5,0,1.0,14.0,4.0,1.0,17.0,7.0
2023-03-11,Leicester,Chelsea,1,3,17,12,7,6,A,12,6,5,0,0.0,1.0,0.0,0.0,10.0,2.0
2023-03-11,Tottenham,Nott'm Forest,3,1,15,9,7,5,H,21,18,5,1,2.0,8.0,3.0,0.0,8.0,3.0
2023-03-11,Crystal Palace,Man City,0,1,4,14,0,4,A,7,15,5,0,0.0,6.0,0.0,4.0,20.0,5.0
2023-03-12,Fulham,Arsenal,0,3,12,15,2,7,A,9,0,6,0,1.0,10.0,5.0,1.0,10.0,2.0
2023-03-12,Man United,Southampton,0,0,10,17,4,4,D,16,20,6,0,3.0,26.0,8.0,0.0,8.0,2.0
2023-03-12,West Ham,Aston Villa,1,1,17,12,6,4,D,22,1,6,0,4.0,18.0,5.0,2.0,9.0,5.0
2023-03-12,Newcastle,Wolves,2,1,19,7,8,4,H,17,23,6,1,0.0,14.0,4.0,0.0,4.0,1.0
2023-03-15,Brighton,Crystal Palace,1,0,11,11,5,3,H,4,7,2,1,4.0,20.0,9.0,0.0,3.0,0.0
2023-03-15,Southampton,Brentford,0,2,7,11,1,5,A,20,3,2,0,1.0,11.0,5.0,0.0,12.0,4.0
2023-03-17,Nott'm Forest,Newcastle,1,2,5,15,3,4,A,18,17,4,0,2.0,10.0,4.0,0.0,5.0,2.0
2023-03-18,Chelsea,Everton,2,2,20,12,7,3,D,6,8,5,0,1.0,13.0,3.0,2.0,10.0,3.0
2023-03-18,Wolves,Leeds,2,4,23,11,8,4,A,23,11,5,0,1.0,8.0,5.0,0.0,11.0,2.0
2023-03-18,Southampton,Tottenham,3,3,19,17,7,3,D,20,21,5,0,0.0,7.0,1.0,0.0,21.0,6.0
2023-03-18,Brentford,Leicester,1,1,11,14,2,1,D,3,12,5,0,3.0,14.0,6.0,0.0,11.0,0.0
2023-03-18,Aston Villa,Bournemouth,3,0,20,10,9,3,H,1,2,5,1,1.0,8.0,1.0,2.0,4.0,4.0
2023-03-19,Arsenal,Crystal Palace,4,1,15,8,5,4,H,0,7,6,1,3.0,31.0,9.0,0.0,11.0,3.0
2023-04-01,Chelsea,Aston Villa,0,2,27,5,8,2,A,6,1,5,0,2.0,20.0,7.0,1.0,12.0,4.0
2023-04-01,Crystal Palace,Leicester,2,1,31,3,9,2,H,7,12,5,1,0.0,4.0,0.0,1.0,14.0,1.0
2023-04-01,Brighton,Brentford,3,3,33,7,15,5,D,4,3,5,0,1.0,11.0,5.0,2.0,11.0,5.0
2023-04-01,Nott'm Forest,Wolves,1,1,17,8,7,1,D,18,23,5,0,1.0,5.0,3.0,1.0,7.0,4.0
2023-04-01,Arsenal,Leeds,4,1,13,7,6,5,H,0,11,5,1,4.0,15.0,5.0,4.0,11.0,4.0
2023-04-01,Man City,Liverpool,4,1,17,4,8,1,H,15,13,5,1,2.0,11.0,3.0,0.0,15.0,6.0
2023-04-01,Bournemouth,Fulham,2,1,12,10,7,2,H,2,9,5,1,1.0,5.0,2.0,2.0,9.0,5.0
2023-04-02,West Ham,Southampton,1,0,12,9,2,3,H,22,20,6,1,1.0,17.0,6.0,0.0,17.0,4.0
2023-04-02,Newcastle,Man United,2,0,22,6,6,1,H,17,16,6,1,2.0,19.0,8.0,0.0,8.0,4.0
2023-04-03,Everton,Tottenham,1,1,15,8,6,2,D,8,21,0,0,1.0,13.0,6.0,3.0,17.0,3.0
2023-04-04,Leicester,Aston Villa,1,2,9,15,4,5,A,12,1,1,0,1.0,17.0,7.0,2.0,5.0,2.0
2023-04-04,Bournemouth,Brighton,0,2,14,16,3,6,A,2,4,1,0,2.0,12.0,7.0,2.0,14.0,2.0
2023-04-04,Leeds,Nott'm Forest,2,1,21,13,6,1,H,11,18,1,1,2.0,12.0,4.0,1.0,9.0,5.0
2023-04-04,Chelsea,Liverpool,0,0,12,7,3,4,D,6,13,1,0,0.0,27.0,8.0,1.0,4.0,1.0
2023-04-05,West Ham,Newcastle,1,5,7,15,2,8,A,22,17,2,0,1.0,12.0,2.0,2.0,15.0,4.0
2023-04-05,Man United,Brentford,1,0,18,6,3,1,H,16,3,2,1,0.0,10.0,4.0,3.0,7.0,5.0
2023-04-08,Man United,Everton,2,0,29,15,11,1,H,16,8,5,1,1.0,18.0,3.0,2.0,12.0,3.0
2023-04-08,Aston Villa,Nott'm Forest,2,0,8,6,3,2,H,1,18,5,1,3.0,20.0,9.0,1.0,13.0,1.0
2023-04-08,Brentford,Newcastle,1,2,12,10,6,4,A,3,17,5,0,1.0,11.0,2.0,5.0,15.0,8.0
2023-04-08,Fulham,West Ham,0,1,16,9,3,5,A,9,22,5,0,0.0,12.0,2.0,0.0,3.0,2.0
2023-04-08,Leicester,Bournemouth,0,1,14,19,4,7,A,12,2,5,0,1.0,9.0,4.0,0.0,10.0,3.0
2023-04-08,Tottenham,Brighton,2,1,9,17,3,4,H,21,4,5,1,3.0,15.0,7.0,2.0,16.0,6.0
2023-04-08,Wolves,Chelsea,1,0,9,13,4,1,H,23,6,5,1,2.0,23.0,8.0,3.0,12.0,6.0
2023-04-08,Southampton,Man City,1,4,4,13,1,8,A,20,15,5,0,3.0,19.0,7.0,1.0,14.0,4.0
2023-04-09,Leeds,Crystal Palace,1,5,11,16,7,8,A,11,7,6,0,2.0,21.0,6.0,1.0,8.0,4.0
2023-04-09,Liverpool,Arsenal,2,2,21,9,6,5,D,13,0,6,0,7.0,18.0,8.0,3.0,15.0,7.0
2023-04-15,Man City,Leicester,3,1,12,10,4,4,H,15,12,5,1,4.0,17.0,8.0,1.0,3.0,2.0
2023-04-15,Tottenham,Bournemouth,2,3,24,6,8,6,A,21,2,5,0,2.0,9.0,3.0,1.0,19.0,7.0
2023-04-15,Southampton,Crystal Palace,0,2,11,9,4,2,A,20,7,5,0,1.0,4.0,1.0,5.0,16.0,8.0
2023-04-15,Wolves,Brentford,2,0,11,10,9,3,H,23,3,5,1,1.0,9.0,4.0,0.0,6.0,1.0
2023-04-15,Chelsea,Brighton,1,2,8,26,2,10,A,6,4,5,0,0.0,12.0,3.0,1.0,17.0,4.0
2023-04-15,Aston Villa,Newcastle,3,0,16,8,6,2,H,1,17,5,1,2.0,8.0,3.0,2.0,10.0,4.0
2023-04-15,Everton,Fulham,1,3,15,21,7,7,A,8,9,5,0,1.0,15.0,6.0,1.0,10.0,2.0
2023-04-16,West Ham,Arsenal,2,2,16,11,3,5,D,22,0,6,0,1.0,7.0,2.0,2.0,9.0,5.0
2023-04-16,Nott'm Forest,Man United,0,2,6,22,0,8,A,18,16,6,0,1.0,17.0,7.0,0.0,6.0,1.0
2023-04-17,Leeds,Liverpool,1,6,13,13,3,7,A,11,13,0,0,1.0,11.0,7.0,0.0,7.0,4.0
2023-04-21,Arsenal,Southampton,3,3,25,8,6,6,D,0,20,4,0,4.0,13.0,6.0,0.0,9.0,3.0
2023-04-22,Liverpool,Nott'm Forest,3,2,18,11,6,5,H,13,18,5,1,2.0,21.0,6.0,0.0,6.0,2.0
2023-04-22,Leicester,Wolves,2,1,15,16,8,3,H,12,23,5,1,0.0,14.0,4.0,1.0,8.0,1.0
2023-04-22,Brentford,Aston Villa,1,1,6,14,5,2,D,3,1,5,0,1.0,12.0,6.0,2.0,15.0,5.0
2023-04-22,Fulham,Leeds,2,1,12,10,5,2,H,9,11,5,1,0.0,16.0,3.0,1.0,7.0,5.0
2023-04-22,Crystal Palace,Everton,0,0,12,10,2,5,D,7,8,5,0,2.0,31.0,9.0,0.0,15.0,1.0
2023-04-23,Bournemouth,West Ham,0,4,17,18,5,10,A,2,22,6,0,0.0,14.0,3.0,1.0,9.0,5.0
2023-04-23,Newcastle,Tottenham,6,1,25,11,8,3,H,17,21,6,1,2.0,22.0,6.0,1.0,8.0,2.0
2023-04-25,Leeds,Leicester,1,1,13,15,3,3,D,11,12,1,0,1.0,13.0,3.0,1.0,10.0,4.0
2023-04-25,Wolves,Crystal Palace,2,0,9,14,3,4,H,23,7,1,1,2.0,11.0,9.0,2.0,9.0,2.0
2023-04-25,Aston Villa,Fulham,1,0,14,1,3,0,H,1,9,1,1,3.0,16.0,6.0,3.0,21.0,7.0
2023-04-26,Man City,Arsenal,4,1,14,8,9,2,H,15,0,2,1,3.0,12.0,4.0,2.0,11.0,5.0
2023-04-26,West Ham,Liverpool,1,2,7,20,2,4,A,22,13,2,0,2.0,16.0,3.0,6.0,13.0,7.0
2023-04-26,Nott'm Forest,Brighton,3,1,12,17,5,7,H,18,4,2,1,0.0,6.0,0.0,2.0,26.0,10.0
2023-04-26,Chelsea,Brentford,0,2,15,7,4,1,A,6,3,2,0,1.0,8.0,2.0,0.0,10.0,3.0
2023-04-27,Everton,Newcastle,1,4,13,15,5,8,A,8,17,3,0,1.0,15.0,7.0,0.0,8.0,2.0
2023-04-27,Southampton,Bournemouth,0,1,11,16,2,2,A,20,2,3,0,0.0,11.0,4.0,3.0,6.0,6.0
2023-04-27,Tottenham,Man United,2,2,18,17,7,8,D,21,16,3,0,2.0,24.0,8.0,2.0,22.0,8.0
2023-04-29,Crystal Palace,West Ham,4,3,16,8,6,4,H,7,22,5,1,0.0,12.0,2.0,4.0,18.0,10.0
2023-04-29,Brentford,Nott'm Forest,2,1,14,5,8,3,H,3,18,5,1,1.0,6.0,5.0,2.0,11.0,5.0
2023-04-29,Brighton,Wolves,6,0,22,10,8,2,H,4,23,5,1,3.0,33.0,15.0,1.0,16.0,3.0
2023-04-30,Bournemouth,Leeds,4,1,12,15,7,6,H,2,11,6,1,0.0,17.0,5.0,1.0,10.0,2.0
2023-04-30,Fulham,Man City,1,2,4,12,1,9,A,9,15,6,0,2.0,12.0,5.0,4.0,13.0,8.0
2023-04-30,Man United,Aston Villa,1,0,14,7,6,1,H,16,1,6,1,2.0,29.0,11.0,1.0,14.0,2.0
2023-04-30,Newcastle,Southampton,3,1,22,4,5,3,H,17,20,6,1,6.0,25.0,8.0,3.0,8.0,6.0
2023-04-30,Liverpool,Tottenham,4,3,12,10,4,7,H,13,21,6,1,3.0,18.0,6.0,1.0,11.0,3.0
2023-05-01,Leicester,Everton,2,2,15,23,6,8,D,12,8,0,0,2.0,15.0,8.0,0.0,10.0,5.0
2023-05-02,Arsenal,Chelsea,3,1,16,7,10,4,H,0,6,1,1,3.0,25.0,6.0,0.0,13.0,1.0
2023-05-03,Liverpool,Fulham,1,0,15,9,3,3,H,13,9,2,1,4.0,12.0,4.0,0.0,1.0,0.0
2023-05-03,Man City,West Ham,3,0,16,6,7,2,H,15,22,2,1,4.0,14.0,9.0,3.0,8.0,4.0
2023-05-04,Brighton,Man United,1,0,22,16,6,5,H,4,16,3,1,6.0,22.0,8.0,2.0,17.0,8.0
2023-05-06,Bournemouth,Chelsea,1,3,10,11,4,5,A,2,6,5,0,4.0,12.0,7.0,1.0,7.0,4.0
2023-05-06,Man City,Leeds,2,1,18,4,6,2,H,15,11,5,1,3.0,16.0,7.0,1.0,15.0,6.0
2023-05-06,Tottenham,Crystal Palace,1,0,8,7,3,2,H,21,7,5,1,2.0,18.0,7.0,0.0,14.0,4.0
2023-05-06,Wolves,Aston Villa,1,0,6,16,2,3,H,23,1,5,1,2.0,9.0,3.0,0.0,7.0,1.0
2023-05-06,Liverpool,Brentford,1,0,15,5,5,1,H,13,3,5,1,1.0,15.0,3.0,2.0,7.0,1.0
2023-05-07,Newcastle,Arsenal,0,2,12,10,5,6,A,17,0,6,0,3.0,22.0,5.0,1.0,8.0,2.0
2023-05-07,West Ham,Man United,1,0,15,19,4,4,H,22,16,6,1,1.0,7.0,2.0,0.0,16.0,5.0
2023-05-08,Fulham,Leicester,5,3,17,18,7,9,H,9,12,0,1,1.0,4.0,1.0,1.0,15.0,3.0
2023-05-08,Brighton,Everton,1,5,23,10,5,5,A,4,8,0,0,1.0,22.0,6.0,2.0,23.0,8.0
2023-05-08,Nott'm Forest,Southampton,4,3,9,19,4,5,H,18,20,0,1,3.0,12.0,5.0,1.0,4.0,3.0
2023-05-13,Man United,Wolves,2,0,27,5,9,0,H,16,23,5,1,1.0,14.0,6.0,0.0,10.0,2.0
2023-05-13,Crystal Palace,Bournemouth,2,0,17,5,5,0,H,7,2,5,1,4.0,16.0,6.0,1.0,16.0,2.0
2023-05-13,Southampton,Fulham,0,2,5,9,1,4,A,20,9,5,0,0.0,11.0,2.0,0.0,9.0,3.0
2023-05-13,Aston Villa,Tottenham,2,1,8,5,4,2,H,1,21,5,1,1.0,14.0,3.0,3.0,10.0,7.0
2023-05-13,Leeds,Newcastle,2,2,9,18,4,5,D,11,17,5,0,1.0,13.0,3.0,4.0,15.0,8.0
2023-05-13,Chelsea,Nott'm Forest,2,2,14,11,6,2,D,6,18,5,0,0.0,15.0,4.0,1.0,5.0,3.0
2023-05-14,Everton,Man City,0,3,7,9,3,4,A,8,15,6,0,1.0,13.0,5.0,2.0,12.0,9.0
2023-05-14,Arsenal,Brighton,0,3,14,12,2,6,A,0,4,6,0,3.0,16.0,10.0,1.0,17.0,7.0
2023-05-14,Brentford,West Ham,2,0,24,4,10,4,H,3,22,6,1,2.0,14.0,8.0,0.0,6.0,2.0
2023-05-15,Leicester,Liverpool,0,3,4,16,4,5,A,12,13,0,0,2.0,15.0,6.0,2.0,20.0,4.0
2023-05-18,Newcastle,Brighton,4,1,22,8,9,2,H,17,4,3,1,0.0,12.0,5.0,3.0,12.0,6.0
2023-05-20,Tottenham,Brentford,1,3,22,11,8,4,A,21,3,5,0,1.0,8.0,3.0,0.0,5.0,1.0
2023-05-20,Bournemouth,Man United,0,1,10,20,4,5,A,2,16,5,0,1.0,10.0,4.0,0.0,19.0,4.0
2023-05-20,Fulham,Crystal Palace,2,2,11,11,4,5,D,9,7,5,0,5.0,17.0,7.0,0.0,7.0,2.0
2023-05-20,Liverpool,Aston Villa,1,1,10,6,5,3,D,13,1,5,0,1.0,15.0,5.0,0.0,16.0,3.0
2023-05-20,Wolves,Everton,1,1,13,19,5,4,D,23,8,5,0,1.0,6.0,2.0,5.0,10.0,5.0
2023-05-20,Nott'm Forest,Arsenal,1,0,6,11,2,3,H,18,0,5,1,4.0,9.0,4.0,2.0,10.0,6.0
2023-05-21,West Ham,Leeds,3,1,19,12,9,3,H,22,11,6,1,1.0,15.0,4.0,1.0,4.0,2.0
2023-05-21,Brighton,Southampton,3,1,26,5,8,1,H,4,20,6,1,1.0,23.0,5.0,3.0,19.0,5.0
2023-05-21,Man City,Chelsea,1,0,15,13,2,6,H,15,6,6,1,2.0,18.0,6.0,3.0,11.0,5.0
2023-05-22,Newcastle,Leicester,0,0,23,1,4,1,D,17,12,0,0,4.0,22.0,9.0,3.0,18.0,9.0
2023-05-24,Brighton,Man City,1,1,20,13,7,4,D,4,15,2,0,3.0,26.0,8.0,3.0,9.0,4.0
2023-05-25,Man United,Chelsea,4,1,18,14,9,5,H,16,6,3,1,2.0,27.0,9.0,0.0,13.0,6.0
2023-05-28,Man United,Fulham,2,1,21,10,8,3,H,16,9,6,1,4.0,18.0,9.0,2.0,9.0,4.0
2023-05-28,Brentford,Man City,1,0,11,17,4,3,H,3,15,6,1,2.0,24.0,10.0,1.0,13.0,4.0
2023-05-28,Leicester,West Ham,2,1,13,16,4,3,H,12,22,6,1,0.0,4.0,4.0,0.0,4.0,4.0
2023-05-28,Southampton,Liverpool,4,4,15,30,10,8,D,20,13,6,0,0.0,5.0,1.0,3.0,16.0,5.0
2023-05-28,Leeds,Tottenham,1,4,19,11,2,7,A,11,21,6,0,2.0,9.0,4.0,1.0,5.0,2.0
2023-05-28,Arsenal,Wolves,5,0,14,6,8,0,H,0,23,6,1,0.0,14.0,2.0,0.0,5.0,0.0
2023-05-28,Crystal Palace,Nott'm Forest,1,1,16,7,4,4,D,7,18,6,0,2.0,17.0,5.0,2.0,11.0,2.0
2023-05-28,Chelsea,Newcastle,1,1,22,13,5,4,D,6,17,6,0,2.0,14.0,6.0,2.0,18.0,5.0
2023-05-28,Aston Villa,Brighton,2,1,12,8,5,4,H,1,4,6,1,2.0,8.0,4.0,1.0,8.0,2.0
2023-05-28,Everton,Bournemouth,1,0,13,7,6,2,H,8,2,6,1,0.0,7.0,3.0,0.0,5.0,0.0
2023-08-12,Arsenal,Nott'm Forest,2,1,15,6,7,2,H,0,18,5,1,5.0,14.0,8.0,1.0,7.0,4.0
2023-08-12,Bournemouth,West Ham,1,1,14,16,5,3,D,2,22,5,0,0.0,10.0,4.0,1.0,16.0,3.0
2023-08-12,Everton,Fulham,0,1,19,9,9,2,A,8,9,5,0,1.0,13.0,6.0,1.0,10.0,3.0
2023-08-12,Newcastle,Aston Villa,5,1,17,16,13,6,H,17,1,5,1,0.0,23.0,4.0,1.0,6.0,3.0
2023-08-13,Chelsea,Liverpool,1,1,10,13,4,1,D,6,13,6,0,1.0,22.0,5.0,4.0,30.0,8.0
2023-08-13,Brentford,Tottenham,2,2,11,18,6,6,D,3,21,6,0,1.0,11.0,4.0,4.0,11.0,7.0
2023-08-14,Man United,Wolves,1,0,15,23,3,6,H,16,23,0,1,2.0,21.0,8.0,0.0,6.0,0.0
2023-08-19,Fulham,Brentford,0,3,10,17,2,8,A,9,3,5,0,2.0,11.0,4.0,3.0,11.0,4.0
2023-08-19,Liverpool,Bournemouth,3,1,26,13,10,5,H,13,2,5,1,1.0,10.0,5.0,0.0,7.0,2.0
2023-08-19,Wolves,Brighton,1,4,16,16,5,8,A,23,4,5,0,1.0,13.0,5.0,1.0,8.0,4.0
2023-08-19,Tottenham,Man United,2,0,17,22,6,6,H,21,16,5,1,1.0,22.0,8.0,1.0,20.0,5.0
2023-08-19,Man City,Newcastle,1,0,14,7,4,1,H,15,17,5,1,1.0,15.0,2.0,1.0,13.0,4.0
2023-08-20,Aston Villa,Everton,4,0,13,9,7,2,H,1,8,6,1,2.0,12.0,5.0,1.0,19.0,4.0
2023-08-20,West Ham,Chelsea,3,1,12,17,6,4,H,22,6,6,1,3.0,19.0,9.0,1.0,14.0,5.0
2023-08-21,Crystal Palace,Arsenal,0,1,14,14,2,3,A,7,0,0,0,1.0,16.0,4.0,0.0,11.0,3.0
2023-08-25,Chelsea,Luton,3,0,19,11,8,1,H,6,14,4,1,1.0,10.0,4.0,1.0,9.0,3.0
2023-08-26,Bournemouth,Tottenham,0,2,11,17,3,6,A,2,21,5,0,1.0,14.0,5.0,2.0,18.0,6.0
2023-08-26,Arsenal,Fulham,2,2,19,8,11,3,D,0,9,5,0,2.0,15.0,7.0,1.0,9.0,2.0
2023-08-26,Brentford,Crystal Palace,1,1,12,15,1,5,D,3,7,5,0,2.0,11.0,6.0,1.0,24.0,8.0
2023-08-26,Everton,Wolves,0,1,15,11,7,2,A,8,23,5,0,0.0,19.0,9.0,0.0,23.0,6.0
2023-08-26,Man United,Nott'm Forest,3,2,18,9,9,4,H,16,18,5,1,1.0,15.0,3.0,1.0,6.0,2.0
2023-08-26,Brighton,West Ham,1,3,25,12,10,3,A,4,22,5,0,4.0,27.0,12.0,1.0,16.0,3.0
2023-08-27,Newcastle,Liverpool,1,2,23,9,8,4,A,17,13,6,0,5.0,17.0,13.0,1.0,13.0,1.0
2023-08-27,Burnley,Aston Villa,1,3,9,16,2,6,A,5,1,6,0,0.0,6.0,1.0,1.0,16.0,6.0
2023-08-27,Sheffield United,Man City,1,2,6,30,2,9,A,19,15,6,0,0.0,8.0,1.0,3.0,17.0,8.0
2023-09-02,Sheffield United,Everton,2,2,13,16,8,6,D,19,8,5,0,1.0,6.0,2.0,0.0,9.0,2.0
2023-09-02,Brentford,Bournemouth,2,2,21,12,7,5,D,3,2,5,0,1.0,12.0,1.0,1.0,13.0,5.0
2023-09-02,Burnley,Tottenham,2,5,16,20,4,10,A,5,21,5,0,1.0,9.0,2.0,2.0,17.0,6.0
2023-09-02,Chelsea,Nott'm Forest,0,1,21,7,2,3,A,6,18,5,0,3.0,19.0,8.0,2.0,9.0,4.0
2023-09-02,Man City,Fulham,5,1,7,6,5,4,H,15,9,5,1,1.0,14.0,4.0,2.0,8.0,3.0
2023-09-02,Brighton,Newcastle,3,1,15,9,6,2,H,4,17,5,1,1.0,25.0,10.0,0.0,7.0,1.0
2023-09-03,Crystal Palace,Wolves,3,2,16,12,11,4,H,7,23,6,1,0.0,14.0,2.0,1.0,11.0,2.0
2023-09-03,Liverpool,Aston Villa,3,0,17,9,4,3,H,13,1,6,1,3.0,26.0,10.0,3.0,16.0,6.0
2023-09-03,Arsenal,Man United,3,1,17,10,5,2,H,0,16,6,1,2.0,19.0,11.0,0.0,22.0,6.0
2023-09-16,Tottenham,Sheffield United,2,1,28,7,10,5,H,21,19,5,1,2.0,17.0,6.0,1.0,7.0,3.0
2023-09-16,West Ham,Man City,1,3,6,29,3,15,A,22,15,5,0,3.0,12.0,6.0,2.0,30.0,9.0
2023-09-16,Man United,Brighton,1,3,14,10,4,8,A,16,4,5,0,3.0,18.0,9.0,4.0,16.0,8.0
2023-09-16,Newcastle,Brentford,1,0,9,11,2,2,H,17,3,5,1,1.0,23.0,8.0,3.0,17.0,8.0
2023-09-16,Aston Villa,Crystal Palace,3,1,16,6,5,3,H,1,7,5,1,4.0,13.0,7.0,1.0,15.0,5.0
2023-09-16,Wolves,Liverpool,1,3,11,16,2,6,A,23,13,5,0,1.0,16.0,5.0,2.0,9.0,4.0
2023-09-16,Fulham,Luton,1,0,13,7,2,2,H,9,14,5,1,0.0,10.0,2.0,0.0,11.0,1.0
2023-09-17,Everton,Arsenal,0,1,8,13,1,4,A,8,0,6,0,0.0,15.0,7.0,1.0,14.0,3.0
2023-09-17,Bournemouth,Chelsea,0,0,13,14,4,6,D,2,6,6,0,0.0,11.0,3.0,1.0,17.0,4.0
2023-09-23,Crystal Palace,Fulham,0,0,7,10,3,5,D,7,9,5,0,3.0,16.0,11.0,1.0,6.0,4.0
2023-09-23,Luton,Wolves,1,1,20,3,4,3,D,14,23,5,0,1.0,16.0,1.0,2.0,12.0,4.0
2023-09-23,Man City,Nott'm Forest,2,0,7,10,4,3,H,15,18,5,1,5.0,7.0,5.0,1.0,7.0,3.0
2023-09-23,Brentford,Everton,1,3,12,18,2,6,A,3,8,5,0,2.0,21.0,7.0,2.0,16.0,6.0
2023-09-23,Burnley,Man United,0,1,12,11,4,4,A,5,16,5,0,2.0,16.0,4.0,1.0,10.0,2.0
2023-09-24,Arsenal,Tottenham,2,2,13,13,6,5,D,0,21,6,0,3.0,17.0,5.0,5.0,20.0,10.0
2023-09-24,Brighton,Bournemouth,3,1,13,12,4,4,H,4,2,6,1,3.0,15.0,6.0,2.0,12.0,5.0
2023-09-24,Chelsea,Aston Villa,0,1,10,15,4,7,A,6,1,6,0,0.0,21.0,2.0,0.0,9.0,3.0
2023-09-24,Liverpool,West Ham,3,1,22,11,7,4,H,13,22,6,1,3.0,17.0,4.0,2.0,9.0,3.0
2023-09-24,Sheffield United,Newcastle,0,8,9,22,1,15,A,19,17,6,0,2.0,13.0,8.0,1.0,9.0,2.0
2023-09-30,Tottenham,Liverpool,2,1,24,12,8,4,H,21,13,5,1,2.0,28.0,10.0,3.0,16.0,6.0
2023-09-30,West Ham,Sheffield United,2,0,20,16,9,2,H,22,19,5,1,1.0,6.0,3.0,1.0,7.0,5.0
2023-09-30,Newcastle,Burnley,2,0,20,8,8,2,H,17,5,5,1,1.0,9.0,2.0,1.0,10.0,3.0
2023-09-30,Wolves,Man City,2,1,3,23,1,8,H,23,15,5,1,1.0,11.0,2.0,3.0,29.0,15.0
2023-09-30,Everton,Luton,1,2,23,9,5,2,A,8,14,5,0,0.0,8.0,1.0,0.0,7.0,2.0
2023-09-30,Bournemouth,Arsenal,0,4,8,15,1,8,A,2,0,5,0,0.0,13.0,4.0,1.0,13.0,4.0
2023-09-30,Aston Villa,Brighton,6,1,19,11,9,3,H,1,4,5,1,3.0,16.0,5.0,3.0,10.0,8.0
2023-09-30,Man United,Crystal Palace,0,1,19,8,4,2,A,16,7,5,0,1.0,14.0,4.0,1.0,6.0,3.0
2023-10-01,Nott'm Forest,Brentford,1,1,6,18,1,5,D,18,3,6,0,1.0,14.0,4.0,0.0,11.0,2.0
2023-10-02,Fulham,Chelsea,0,2,10,11,3,4,A,9,6,0,0,1.0,13.0,2.0,0.0,14.0,6.0
2023-10-03,Luton,Burnley,1,2,18,14,3,4,A,14,5,1,0,1.0,20.0,4.0,0.0,8.0,2.0
2023-10-07,Crystal Palace,Nott'm Forest,0,0,8,16,2,5,D,7,18,5,0,0.0,7.0,3.0,0.0,10.0,3.0
2023-10-07,Man United,Brentford,2,1,21,11,8,3,H,16,3,5,1,0.0,19.0,4.0,1.0,18.0,5.0
2023-10-07,Fulham,Sheffield United,3,1,20,5,6,2,H,9,19,5,1,0.0,10.0,3.0,0.0,16.0,2.0
2023-10-07,Burnley,Chelsea,1,4,10,9,3,5,A,5,6,5,0,0.0,12.0,4.0,2.0,11.0,4.0
2023-10-07,Luton,Tottenham,0,1,12,15,2,4,A,14,21,5,0,1.0,18.0,3.0,2.0,13.0,5.0
2023-10-07,Everton,Bournemouth,3,0,25,11,8,4,H,8,2,5,1,1.0,23.0,5.0,1.0,12.0,4.0
2023-10-08,Brighton,Liverpool,2,2,14,14,3,4,D,4,13,6,0,3.0,13.0,4.0,1.0,12.0,4.0
2023-10-08,West Ham,Newcastle,2,2,5,10,3,3,D,22,17,6,0,2.0,20.0,9.0,8.0,22.0,15.0
2023-10-08,Wolves,Aston Villa,1,1,8,18,3,4,D,23,1,6,0,2.0,3.0,1.0,1.0,15.0,7.0
2023-10-08,Arsenal,Man City,1,0,12,4,2,1,H,0,15,6,1,2.0,13.0,6.0,1.0,23.0,8.0
2023-10-21,Nott'm Forest,Luton,2,2,19,13,8,4,D,18,14,5,0,1.0,6.0,1.0,2.0,9.0,2.0
2023-10-21,Sheffield United,Man United,1,2,12,14,6,5,A,19,16,5,0,0.0,9.0,1.0,1.0,11.0,4.0
2023-10-21,Chelsea,Arsenal,2,2,11,13,5,3,D,6,0,5,0,0.0,10.0,4.0,4.0,15.0,8.0
2023-10-21,Newcastle,Crystal Palace,4,0,10,17,7,3,H,17,7,5,1,2.0,20.0,8.0,1.0,8.0,2.0
2023-10-21,Brentford,Burnley,3,0,23,6,10,1,H,3,5,5,1,1.0,12.0,2.0,2.0,14.0,4.0
2023-10-21,Bournemouth,Wolves,1,2,7,20,4,7,A,2,23,5,0,0.0,8.0,1.0,1.0,3.0,3.0
2023-10-21,Liverpool,Everton,2,0,26,6,6,1,H,13,8,5,1,3.0,22.0,7.0,3.0,18.0,6.0
2023-10-21,Man City,Brighton,2,1,10,5,6,3,H,15,4,5,1,2.0,7.0,4.0,1.0,11.0,3.0
2023-10-22,Aston Villa,West Ham,4,1,15,14,7,4,H,1,22,6,1,6.0,19.0,9.0,1.0,11.0,4.0
2023-10-23,Tottenham,Fulham,2,0,15,10,5,3,H,21,9,0,1,2.0,24.0,8.0,0.0,10.0,5.0
2023-10-27,Crystal Palace,Tottenham,1,2,13,10,3,1,A,7,21,4,0,0.0,8.0,2.0,1.0,15.0,4.0
2023-10-28,Bournemouth,Burnley,2,1,13,6,6,3,H,2,5,5,1,1.0,7.0,4.0,0.0,6.0,1.0
2023-10-28,Chelsea,Brentford,0,2,17,7,2,5,A,6,3,5,0,2.0,11.0,5.0,1.0,11.0,3.0
2023-10-28,Arsenal,Sheffield United,5,0,13,2,8,0,H,0,19,5,1,1.0,12.0,2.0,1.0,5.0,2.0
2023-10-28,Wolves,Newcastle,2,2,11,13,6,5,D,23,17,5,0,1.0,8.0,3.0,2.0,10.0,3.0
2023-10-29,Liverpool,Nott'm Forest,3,0,21,9,8,1,H,13,18,6,1,2.0,26.0,6.0,0.0,16.0,5.0
2023-10-29,Brighton,Fulham,1,1,18,10,7,5,D,4,9,6,0,2.0,14.0,3.0,0.0,10.0,3.0
2023-10-29,Man United,Man City,0,3,7,21,3,10,A,16,15,6,0,2.0,21.0,8.0,0.0,4.0,1.0
2023-10-29,West Ham,Everton,0,1,12,10,2,4,A,22,8,6,0,2.0,5.0,3.0,0.0,6.0,1.0
2023-10-29,Aston Villa,Luton,3,1,17,7,6,1,H,1,14,6,1,4.0,15.0,7.0,2.0,13.0,4.0
2023-11-04,Newcastle,Arsenal,1,0,9,14,2,1,H,17,0,5,1,4.0,10.0,7.0,2.0,13.0,3.0
2023-11-04,Sheffield United,Wolves,2,1,11,10,2,3,H,19,23,5,1,1.0,12.0,6.0,2.0,20.0,7.0
2023-11-04,Man City,Bournemouth,6,1,21,5,8,1,H,15,2,5,1,2.0,10.0,6.0,0.0,11.0,4.0
2023-11-04,Fulham,Man United,0,1,18,12,3,5,A,9,16,5,0,3.0,20.0,6.0,2.0,14.0,5.0
2023-11-04,Burnley,Crystal Palace,0,2,17,4,5,3,A,5,7,5,0,1.0,10.0,3.0,0.0,17.0,3.0
2023-11-04,Brentford,West Ham,3,2,16,12,4,2,H,3,22,5,1,3.0,23.0,10.0,1.0,14.0,4.0
2023-11-04,Everton,Brighton,1,1,10,7,4,2,D,8,4,5,0,3.0,25.0,8.0,1.0,5.0,3.0
2023-11-05,Nott'm Forest,Aston Villa,2,0,5,13,3,3,H,18,1,6,1,2.0,19.0,8.0,1.0,18.0,4.0
2023-11-05,Luton,Liverpool,1,1,8,24,5,6,D,14,13,6,0,0.0,12.0,2.0,2.0,14.0,4.0
2023-11-06,Tottenham,Chelsea,1,4,8,17,5,8,A,21,6,0,0,2.0,15.0,5.0,4.0,9.0,5.0
2023-11-11,Man United,Luton,1,0,15,10,4,4,H,16,14,5,1,0.0,7.0,3.0,1.0,7.0,1.0
2023-11-11,Wolves,Tottenham,2,1,17,6,4,2,H,23,21,5,1,2.0,11.0,6.0,2.0,10.0,1.0
2023-11-11,Arsenal,Burnley,3,1,16,8,6,5,H,0,5,5,1,5.0,13.0,8.0,1.0,6.0,3.0
2023-11-11,Crystal Palace,Everton,2,3,13,8,4,4,A,7,8,5,0,1.0,13.0,3.0,1.0,10.0,4.0
2023-11-11,Bournemouth,Newcastle,2,0,19,8,10,5,H,2,17,5,1,2.0,13.0,6.0,2.0,13.0,5.0
2023-11-12,Chelsea,Man City,4,4,17,15,9,10,D,6,15,6,0,0.0,17.0,2.0,3.0,21.0,10.0
2023-11-12,West Ham,Nott'm Forest,3,2,16,10,6,5,H,22,18,6,1,0.0,12.0,2.0,0.0,9.0,1.0
2023-11-12,Liverpool,Brentford,3,0,17,16,10,3,H,13,3,6,1,3.0,21.0,8.0,2.0,7.0,5.0
2023-11-12,Brighton,Sheffield United,1,1,11,9,6,1,D,4,19,6,0,1.0,18.0,7.0,0.0,2.0,0.0
2023-11-12,Aston Villa,Fulham,3,1,12,9,6,5,H,1,9,6,1,3.0,17.0,6.0,1.0,10.0,5.0
2023-11-25,Man City,Liverpool,1,1,16,8,5,3,D,15,13,5,0,6.0,21.0,8.0,1.0,24.0,6.0
2023-11-25,Burnley,West Ham,1,2,11,11,5,3,A,5,22,5,0,0.0,17.0,5.0,2.0,12.0,2.0
2023-11-25,Luton,Crystal Palace,2,1,8,16,3,8,H,14,7,5,1,1.0,8.0,5.0,2.0,4.0,3.0
2023-11-25,Newcastle,Chelsea,4,1,14,7,5,4,H,17,6,5,1,1.0,9.0,2.0,4.0,17.0,8.0
2023-11-25,Nott'm Forest,Brighton,2,3,18,11,5,5,A,18,4,5,0,2.0,5.0,3.0,1.0,7.0,2.0
2023-11-25,Sheffield United,Bournemouth,1,3,10,23,2,11,A,19,2,5,0,2.0,11.0,2.0,1.0,5.0,1.0
2023-11-25,Brentford,Arsenal,0,1,9,15,3,4,A,3,0,5,0,3.0,16.0,4.0,0.0,14.0,1.0
2023-11-26,Everton,Man United,0,3,24,9,6,4,A,8,16,6,0,1.0,10.0,4.0,1.0,12.0,5.0
2023-11-26,Tottenham,Aston Villa,1,2,18,15,8,5,A,21,1,6,0,1.0,8.0,5.0,0.0,13.0,3.0
2023-11-27,Fulham,Wolves,3,2,12,10,6,6,H,9,23,0,1,0.0,18.0,3.0,1.0,10.0,3.0
2023-12-02,Arsenal,Wolves,2,1,19,6,6,3,H,0,23,5,1,3.0,16.0,6.0,2.0,10.0,6.0
2023-12-02,Brentford,Luton,3,1,27,7,6,1,H,3,14,5,1,0.0,9.0,3.0,0.0,10.0,4.0
2023-12-02,Burnley,Sheffield United,5,0,19,6,7,3,H,5,19,5,1,1.0,11.0,5.0,1.0,9.0,1.0
2023-12-02,Nott'm Forest,Everton,0,1,13,12,2,3,A,18,8,5,0,2.0,18.0,5.0,3.0,8.0,4.0
2023-12-02,Newcastle,Man United,1,0,22,8,4,1,H,17,16,5,1,4.0,14.0,5.0,3.0,9.0,4.0
2023-12-03,Man City,Tottenham,3,3,18,8,4,4,D,15,21,6,0,1.0,16.0,5.0,1.0,6.0,2.0
2023-12-03,West Ham,Crystal Palace,1,1,9,9,3,2,D,22,7,6,0,3.0,16.0,6.0,1.0,16.0,8.0
2023-12-03,Bournemouth,Aston Villa,2,2,15,11,7,3,D,2,1,6,0,2.0,19.0,10.0,2.0,15.0,5.0
2023-12-03,Chelsea,Brighton,3,2,8,18,5,9,H,6,4,6,1,4.0,17.0,9.0,3.0,11.0,5.0
2023-12-03,Liverpool,Fulham,4,3,26,9,12,5,H,13,9,6,1,3.0,17.0,10.0,1.0,9.0,5.0
2023-12-05,Wolves,Burnley,1,0,7,12,4,3,H,23,5,1,1,2.0,17.0,4.0,1.0,8.0,5.0
2023-12-05,Luton,Arsenal,3,4,6,23,4,9,A,14,0,1,0,2.0,8.0,3.0,1.0,15.0,4.0
2023-12-06,Brighton,Brentford,2,1,18,8,7,2,H,4,3,2,1,1.0,11.0,6.0,0.0,16.0,3.0
2023-12-06,Crystal Palace,Bournemouth,0,2,16,11,3,4,A,7,2,2,0,2.0,13.0,4.0,3.0,23.0,11.0
2023-12-06,Fulham,Nott'm Forest,5,0,14,4,6,1,H,9,18,2,1,3.0,12.0,6.0,2.0,10.0,5.0
2023-12-06,Sheffield United,Liverpool,0,2,6,15,1,8,A,19,13,2,0,1.0,10.0,2.0,1.0,8.0,3.0
2023-12-06,Aston Villa,Man City,1,0,22,2,7,2,H,1,15,2,1,3.0,12.0,6.0,4.0,15.0,10.0
2023-12-06,Man United,Chelsea,2,1,28,13,9,3,H,16,6,2,1,1.0,15.0,4.0,1.0,7.0,4.0
2023-12-07,Everton,Newcastle,3,0,21,13,6,3,H,8,17,3,1,0.0,24.0,6.0,0.0,8.0,5.0
2023-12-07,Tottenham,West Ham,1,2,23,11,7,5,A,21,22,3,0,1.0,18.0,8.0,2.0,11.0,3.0
2023-12-09,Wolves,Nott'm Forest,1,1,10,8,4,2,D,23,18,5,0,1.0,7.0,4.0,0.0,4.0,1.0
2023-12-09,Aston Villa,Arsenal,1,0,10,12,3,5,H,1,0,5,1,1.0,22.0,7.0,4.0,23.0,9.0
2023-12-09,Sheffield United,Brentford,1,0,9,10,4,4,H,19,3,5,1,0.0,6.0,1.0,1.0,8.0,2.0
2023-12-09,Man United,Bournemouth,0,3,20,10,3,4,A,16,2,5,0,2.0,28.0,9.0,2.0,11.0,4.0
2023-12-09,Brighton,Burnley,1,1,29,6,11,3,D,4,5,5,0,2.0,18.0,7.0,0.0,12.0,3.0
2023-12-09,Crystal Palace,Liverpool,1,2,8,14,4,2,A,7,13,5,0,0.0,16.0,3.0,2.0,15.0,8.0
2023-12-10,Everton,Chelsea,2,0,9,16,5,4,H,8,6,6,1,3.0,21.0,6.0,1.0,13.0,3.0
2023-12-10,Fulham,West Ham,5,0,14,9,8,5,H,9,22,6,1,5.0,14.0,6.0,2.0,11.0,5.0
2023-12-10,Luton,Man City,1,2,4,18,2,6,A,14,15,6,0,3.0,6.0,4.0,0.0,2.0,2.0
2023-12-10,Tottenham,Newcastle,4,1,23,9,12,3,H,21,17,6,1,1.0,23.0,7.0,0.0,13.0,3.0
2023-12-15,Nott'm Forest,Tottenham,0,2,15,12,1,6,A,18,21,4,0,0.0,13.0,2.0,3.0,8.0,4.0
2023-12-16,Chelsea,Sheffield United,2,0,15,6,6,1,H,6,19,5,1,3.0,8.0,5.0,0.0,6.0,3.0
2023-12-16,Man City,Crystal Palace,2,2,19,5,9,2,D,15,7,5,0,3.0,18.0,4.0,1.0,9.0,2.0
2023-12-16,Newcastle,Fulham,3,0,27,6,10,4,H,17,9,5,1,1.0,22.0,4.0,3.0,9.0,5.0
2023-12-16,Burnley,Everton,0,2,14,9,2,6,A,5,8,5,0,5.0,19.0,7.0,1.0,12.0,3.0
2023-12-17,Arsenal,Brighton,2,0,26,6,9,1,H,0,4,6,1,2.0,19.0,6.0,2.0,18.0,9.0
2023-12-17,Brentford,Aston Villa,1,2,4,15,3,5,A,3,1,6,0,3.0,27.0,6.0,2.0,11.0,3.0
2023-12-17,West Ham,Wolves,3,0,13,14,4,3,H,22,23,6,1,1.0,9.0,3.0,1.0,6.0,3.0
2023-12-17,Liverpool,Man United,0,0,34,6,8,1,D,13,16,6,0,4.0,26.0,12.0,0.0,8.0,1.0
2023-12-21,Crystal Palace,Brighton,1,1,11,18,3,6,D,7,4,3,0,1.0,8.0,4.0,0.0,6.0,1.0
2023-12-22,Aston Villa,Sheffield United,1,1,12,5,4,2,D,1,19,4,0,1.0,10.0,3.0,0.0,6.0,1.0
2023-12-23,West Ham,Man United,2,0,12,11,5,3,H,22,16,5,1,3.0,13.0,4.0,0.0,6.0,1.0
2023-12-23,Fulham,Burnley,0,2,19,7,5,2,A,9,5,5,0,5.0,14.0,8.0,1.0,6.0,3.0
2023-12-23,Luton,Newcastle,1,0,16,15,5,2,H,14,17,5,1,1.0,4.0,2.0,1.0,9.0,3.0
2023-12-23,Nott'm Forest,Bournemouth,2,3,11,18,5,7,A,18,2,5,0,0.0,15.0,1.0,3.0,10.0,4.0
2023-12-23,Tottenham,Everton,2,1,13,18,6,8,H,21,8,5,1,4.0,23.0,12.0,2.0,9.0,6.0
2023-12-23,Liverpool,Arsenal,1,1,13,13,3,2,D,13,0,5,0,0.0,34.0,8.0,0.0,12.0,5.0
2023-12-24,Wolves,Chelsea,2,1,14,16,6,5,H,23,6,6,1,1.0,10.0,4.0,0.0,16.0,4.0
2023-12-26,Man United,Aston Villa,3,2,13,10,7,4,H,16,1,1,1,0.0,20.0,3.0,2.0,15.0,5.0
2023-12-26,Burnley,Liverpool,0,2,9,19,0,10,A,5,13,1,0,0.0,14.0,2.0,2.0,14.0,2.0
2023-12-26,Bournemouth,Fulham,3,0,16,8,4,3,H,2,9,1,1,2.0,15.0,7.0,0.0,6.0,4.0
2023-12-26,Newcastle,Nott'm Forest,1,3,19,15,7,6,A,17,18,1,0,3.0,27.0,10.0,1.0,8.0,2.0
2023-12-26,Sheffield United,Luton,2,3,21,12,6,4,A,19,14,1,0,1.0,9.0,4.0,1.0,7.0,1.0
2023-12-27,Brentford,Wolves,1,4,14,11,4,5,A,3,23,2,0,1.0,4.0,3.0,0.0,14.0,3.0
2023-12-27,Chelsea,Crystal Palace,2,1,9,13,4,5,H,6,7,2,1,2.0,15.0,6.0,2.0,5.0,2.0
2023-12-27,Everton,Man City,1,3,7,23,2,9,A,8,15,2,0,2.0,9.0,5.0,2.0,18.0,6.0
2023-12-28,Brighton,Tottenham,4,2,15,19,9,3,H,4,21,3,1,1.0,29.0,11.0,2.0,12.0,6.0
2023-12-28,Arsenal,West Ham,0,2,30,6,8,3,A,0,22,3,0,2.0,26.0,9.0,0.0,9.0,5.0
2023-12-30,Wolves,Everton,3,0,12,10,6,0,H,23,8,5,1,2.0,14.0,6.0,1.0,18.0,8.0
2023-12-30,Nott'm Forest,Man United,2,1,8,10,2,5,H,18,16,5,1,2.0,11.0,5.0,0.0,11.0,3.0
2023-12-30,Man City,Sheffield United,2,0,18,4,4,2,H,15,19,5,1,2.0,19.0,9.0,1.0,5.0,2.0
2023-12-30,Aston Villa,Burnley,3,2,19,9,7,5,H,1,5,5,1,1.0,12.0,4.0,2.0,7.0,2.0
2023-12-30,Crystal Palace,Brentford,3,1,13,9,6,4,H,7,3,5,1,1.0,11.0,3.0,0.0,10.0,4.0
2023-12-30,Luton,Chelsea,2,3,15,12,6,8,A,14,6,5,0,1.0,16.0,5.0,1.0,16.0,5.0
2023-12-31,Fulham,Arsenal,2,1,15,13,4,3,H,9,0,6,1,0.0,19.0,5.0,1.0,13.0,2.0
2023-12-31,Tottenham,Bournemouth,3,1,12,24,6,4,H,21,2,6,1,2.0,13.0,6.0,3.0,18.0,7.0
2024-01-01,Liverpool,Newcastle,4,2,34,5,15,3,H,13,17,0,1,1.0,13.0,3.0,0.0,15.0,2.0
2024-01-02,West Ham,Brighton,0,0,6,22,2,8,D,22,4,1,0,2.0,12.0,5.0,1.0,18.0,6.0
2024-01-12,Burnley,Luton,1,1,13,14,7,5,D,5,14,4,0,0.0,9.0,0.0,3.0,12.0,4.0
2024-01-13,Chelsea,Fulham,1,0,17,14,3,4,H,6,9,5,1,2.0,9.0,4.0,0.0,8.0,3.0
2024-01-13,Newcastle,Man City,2,3,12,27,5,11,A,17,15,5,0,1.0,19.0,7.0,3.0,23.0,9.0
2024-01-14,Everton,Aston Villa,0,0,10,16,2,5,D,8,1,6,0,1.0,7.0,2.0,2.0,10.0,4.0
2024-01-14,Man United,Tottenham,2,2,9,16,2,6,D,16,21,6,0,3.0,13.0,7.0,2.0,19.0,3.0
2024-01-20,Arsenal,Crystal Palace,5,0,21,12,6,5,H,0,7,5,1,0.0,30.0,8.0,1.0,13.0,5.0
2024-01-20,Brentford,Nott'm Forest,3,2,11,12,5,3,H,3,18,5,1,1.0,14.0,4.0,3.0,15.0,6.0
2024-01-21,Sheffield United,West Ham,2,2,21,16,6,5,D,19,22,6,0,2.0,21.0,6.0,2.0,6.0,3.0
2024-01-21,Bournemouth,Liverpool,0,4,11,14,1,7,A,2,13,6,0,3.0,16.0,4.0,2.0,19.0,10.0
2024-01-22,Brighton,Wolves,0,0,11,8,4,3,D,4,23,0,0,4.0,15.0,9.0,4.0,11.0,5.0
2024-01-30,Nott'm Forest,Arsenal,1,2,9,19,3,3,A,18,0,1,0,2.0,8.0,2.0,1.0,13.0,3.0
2024-01-30,Fulham,Everton,0,0,25,21,6,4,D,9,8,1,0,2.0,15.0,4.0,0.0,10.0,0.0
2024-01-30,Luton,Brighton,4,0,18,9,8,2,H,14,4,1,1,2.0,15.0,6.0,0.0,22.0,8.0
2024-01-30,Crystal Palace,Sheffield United,3,2,12,9,4,5,H,7,19,1,1,3.0,13.0,6.0,0.0,4.0,2.0
2024-01-30,Aston Villa,Newcastle,1,3,12,14,6,5,A,1,17,1,0,3.0,19.0,7.0,2.0,5.0,3.0
2024-01-31,Man City,Burnley,3,1,14,8,4,3,H,15,5,2,1,2.0,18.0,4.0,2.0,9.0,5.0
2024-01-31,Tottenham,Brentford,3,2,19,9,5,5,H,21,3,2,1,3.0,12.0,6.0,1.0,9.0,4.0
2024-01-31,Liverpool,Chelsea,4,1,28,4,13,3,H,13,6,2,1,4.0,34.0,15.0,3.0,12.0,8.0
2024-02-01,West Ham,Bournemouth,1,1,9,9,3,4,D,22,2,3,0,0.0,6.0,2.0,1.0,24.0,4.0
2024-02-01,Wolves,Man United,3,4,16,21,7,8,A,23,16,3,0,3.0,12.0,6.0,1.0,10.0,5.0
2024-02-03,Everton,Tottenham,2,2,14,9,5,6,D,8,21,5,0,0.0,10.0,2.0,2.0,16.0,6.0
2024-02-03,Brighton,Crystal Palace,4,1,13,7,6,5,H,4,7,5,1,0.0,11.0,4.0,0.0,12.0,5.0
2024-02-03,Burnley,Fulham,2,2,12,15,4,7,D,5,9,5,0,1.0,13.0,7.0,0.0,14.0,4.0
2024-02-03,Newcastle,Luton,4,4,19,11,6,8,D,17,14,5,0,2.0,12.0,5.0,1.0,14.0,5.0
2024-02-03,Sheffield United,Aston Villa,0,5,10,14,5,10,A,19,1,5,0,2.0,21.0,6.0,0.0,16.0,5.0
2024-02-04,Man United,West Ham,3,0,12,22,5,3,H,16,22,6,1,2.0,9.0,2.0,2.0,16.0,5.0
2024-02-04,Arsenal,Liverpool,3,1,15,10,7,1,H,0,13,6,1,5.0,21.0,6.0,4.0,14.0,7.0
2024-02-04,Bournemouth,Nott'm Forest,1,1,9,8,2,6,D,2,18,6,0,0.0,11.0,1.0,2.0,12.0,3.0
2024-02-04,Chelsea,Wolves,2,4,15,14,6,7,A,6,23,6,0,1.0,17.0,3.0,0.0,8.0,3.0
2024-02-05,Brentford,Man City,1,3,9,25,3,15,A,3,15,0,0,3.0,11.0,5.0,3.0,27.0,11.0
2024-02-10,Man City,Everton,2,0,19,5,3,1,H,15,8,5,1,3.0,14.0,4.0,0.0,21.0,4.0
2024-02-10,Fulham,Bournemouth,3,1,7,25,6,4,H,9,2,5,1,0.0,25.0,6.0,1.0,9.0,4.0
2024-02-10,Liverpool,Burnley,3,1,25,9,10,4,H,13,5,5,1,4.0,28.0,13.0,1.0,8.0,3.0
2024-02-10,Luton,Sheffield United,1,3,20,7,5,3,A,14,19,5,0,4.0,18.0,8.0,2.0,9.0,5.0
2024-02-10,Tottenham,Brighton,2,1,16,6,6,3,H,21,4,5,1,3.0,19.0,5.0,0.0,9.0,2.0
2024-02-10,Wolves,Brentford,0,2,17,9,5,6,A,23,3,5,0,3.0,16.0,7.0,2.0,9.0,5.0
2024-02-10,Nott'm Forest,Newcastle,2,3,13,7,3,5,A,18,17,5,0,1.0,9.0,3.0,3.0,14.0,5.0
2024-02-11,West Ham,Arsenal,0,6,5,25,1,12,A,22,0,6,0,1.0,9.0,3.0,2.0,19.0,3.0
2024-02-11,Aston Villa,Man United,1,2,23,17,10,5,A,1,16,6,0,1.0,12.0,6.0,4.0,21.0,8.0
2024-02-12,Crystal Palace,Chelsea,1,3,13,14,4,5,A,7,6,0,0,3.0,12.0,4.0,1.0,4.0,3.0
2024-02-17,Man City,Chelsea,1,1,31,9,5,6,D,15,6,5,0,2.0,19.0,3.0,3.0,14.0,5.0
2024-02-17,Tottenham,Wolves,1,2,15,12,4,7,A,21,23,5,0,2.0,16.0,6.0,4.0,14.0,7.0
2024-02-17,Newcastle,Bournemouth,2,2,17,12,5,7,D,17,2,5,0,4.0,19.0,6.0,1.0,25.0,4.0
2024-02-17,Nott'm Forest,West Ham,2,0,19,10,8,3,H,18,22,5,1,2.0,13.0,3.0,0.0,22.0,3.0
2024-02-17,Burnley,Arsenal,0,5,8,16,0,7,A,5,0,5,0,2.0,12.0,4.0,6.0,25.0,12.0
2024-02-17,Brentford,Liverpool,1,4,15,15,6,8,A,3,13,5,0,1.0,9.0,3.0,1.0,10.0,1.0
2024-02-17,Fulham,Aston Villa,1,2,15,12,4,3,A,9,1,5,0,3.0,7.0,6.0,5.0,14.0,10.0
2024-02-18,Sheffield United,Brighton,0,5,6,24,1,10,A,19,4,6,0,0.0,10.0,5.0,1.0,6.0,3.0
2024-02-18,Luton,Man United,1,2,22,21,4,9,A,14,16,6,0,1.0,20.0,5.0,2.0,17.0,5.0
2024-02-19,Everton,Crystal Palace,1,1,19,10,4,4,D,8,7,0,0,2.0,14.0,5.0,1.0,7.0,5.0
2024-02-20,Man City,Brentford,1,0,25,6,11,2,H,15,3,1,1,1.0,31.0,5.0,2.0,9.0,6.0
2024-02-21,Liverpool,Luton,4,1,29,12,13,3,H,13,14,2,1,3.0,25.0,10.0,4.0,11.0,8.0
2024-02-24,Arsenal,Newcastle,4,1,18,3,8,2,H,0,17,5,1,3.0,15.0,7.0,3.0,7.0,5.0
2024-02-24,Bournemouth,Man City,0,1,13,15,4,6,A,2,15,5,0,1.0,9.0,2.0,3.0,25.0,15.0
2024-02-24,Man United,Fulham,1,2,21,17,9,5,A,16,9,5,0,3.0,12.0,5.0,2.0,15.0,7.0
2024-02-24,Brighton,Everton,1,1,23,6,7,3,D,4,8,5,0,4.0,13.0,6.0,0.0,5.0,1.0
2024-02-24,Aston Villa,Nott'm Forest,4,2,16,10,6,3,H,1,18,5,1,1.0,23.0,10.0,1.0,8.0,6.0
2024-02-24,Crystal Palace,Burnley,3,0,15,2,6,0,H,7,5,5,1,1.0,13.0,4.0,1.0,9.0,4.0
2024-02-25,Wolves,Sheffield United,1,0,13,12,2,4,H,23,19,6,1,0.0,17.0,5.0,3.0,7.0,3.0
2024-02-26,West Ham,Brentford,4,2,17,14,6,8,H,22,3,0,1,0.0,5.0,1.0,0.0,6.0,2.0
2024-03-02,Tottenham,Crystal Palace,3,1,14,4,6,1,H,21,7,5,1,1.0,15.0,4.0,1.0,10.0,4.0
2024-03-02,Luton,Aston Villa,2,3,13,12,5,8,A,14,1,5,0,1.0,22.0,4.0,2.0,12.0,3.0
2024-03-02,Newcastle,Wolves,3,0,14,12,7,3,H,17,23,5,1,2.0,17.0,5.0,2.0,12.0,7.0
2024-03-02,Nott'm Forest,Liverpool,0,1,8,22,2,2,A,18,13,5,0,2.0,19.0,8.0,4.0,15.0,8.0
2024-03-02,Everton,West Ham,1,3,22,12,11,5,A,8,22,5,0,1.0,19.0,4.0,0.0,10.0,3.0
2024-03-02,Brentford,Chelsea,2,2,14,17,5,6,D,3,6,5,0,1.0,15.0,6.0,1.0,9.0,6.0
2024-03-02,Fulham,Brighton,3,0,12,15,5,5,H,9,4,5,1,1.0,15.0,4.0,5.0,24.0,10.0
2024-03-03,Burnley,Bournemouth,0,2,20,10,6,3,A,5,2,6,0,0.0,8.0,0.0,2.0,12.0,7.0
2024-03-03,Man City,Man United,3,1,27,3,8,1,H,15,16,6,1,1.0,25.0,11.0,2.0,21.0,9.0
2024-03-04,Sheffield United,Arsenal,0,6,4,22,0,10,A,19,0,0,0,0.0,6.0,1.0,5.0,16.0,7.0
2024-03-09,Man United,Everton,2,0,15,23,8,6,H,16,8,5,1,1.0,21.0,9.0,1.0,6.0,3.0
2024-03-09,Bournemouth,Sheffield United,2,2,32,13,12,9,D,2,19,5,0,0.0,13.0,4.0,0.0,12.0,4.0
2024-03-09,Crystal Palace,Luton,1,1,21,8,4,2,D,7,14,5,0,3.0,15.0,6.0,1.0,12.0,3.0
2024-03-09,Wolves,Fulham,2,1,8,23,3,6,H,23,9,5,1,1.0,13.0,2.0,2.0,17.0,5.0
2024-03-09,Arsenal,Brentford,2,1,17,9,6,4,H,0,3,5,1,4.0,18.0,8.0,2.0,14.0,8.0
2024-03-10,Aston Villa,Tottenham,0,4,10,9,1,5,A,1,21,6,0,4.0,16.0,6.0,2.0,9.0,6.0
2024-03-10,Brighton,Nott'm Forest,1,0,10,9,3,4,H,4,18,6,1,1.0,23.0,7.0,2.0,10.0,3.0
2024-03-10,West Ham,Burnley,2,2,22,11,4,4,D,22,5,6,0,4.0,17.0,6.0,0.0,2.0,0.0
2024-03-10,Liverpool,Man City,1,1,19,10,6,6,D,13,15,6,0,4.0,29.0,13.0,1.0,15.0,6.0
2024-03-11,Chelsea,Newcastle,3,2,12,11,8,3,H,6,17,0,1,2.0,15.0,6.0,1.0,3.0,2.0
2024-03-13,Bournemouth,Luton,4,3,24,8,10,4,H,2,14,2,1,2.0,32.0,12.0,1.0,8.0,2.0
2024-03-16,Burnley,Brentford,2,1,17,9,6,5,H,5,3,5,1,0.0,20.0,6.0,1.0,9.0,4.0
2024-03-16,Luton,Nott'm Forest,1,1,10,16,4,6,D,14,18,5,0,2.0,13.0,5.0,0.0,9.0,4.0
2024-03-16,Fulham,Tottenham,3,0,16,14,7,5,H,9,21,5,1,3.0,12.0,5.0,4.0,9.0,5.0
2024-03-17,West Ham,Aston Villa,1,1,13,13,5,5,D,22,1,6,0,2.0,22.0,4.0,3.0,12.0,8.0
2024-03-30,Newcastle,West Ham,4,3,24,10,9,4,H,17,22,5,1,3.0,14.0,7.0,3.0,12.0,5.0
2024-03-30,Bournemouth,Everton,2,1,11,7,4,3,H,2,8,5,1,4.0,24.0,10.0,0.0,23.0,6.0
2024-03-30,Chelsea,Burnley,2,2,33,18,13,7,D,6,5,5,0,3.0,12.0,8.0,2.0,11.0,4.0
2024-03-30,Nott'm Forest,Crystal Palace,1,1,12,10,5,3,D,18,7,5,0,0.0,8.0,2.0,1.0,4.0,1.0
2024-03-30,Sheffield United,Fulham,3,3,8,24,4,9,D,19,9,5,0,0.0,4.0,0.0,1.0,23.0,6.0
2024-03-30,Tottenham,Luton,2,1,17,7,4,3,H,21,14,5,1,3.0,14.0,6.0,3.0,8.0,4.0
2024-03-30,Aston Villa,Wolves,2,0,11,13,5,3,H,1,23,5,1,0.0,10.0,1.0,0.0,12.0,3.0
2024-03-30,Brentford,Man United,1,1,31,11,5,5,D,3,16,5,0,2.0,14.0,5.0,1.0,3.0,1.0
2024-03-31,Liverpool,Brighton,2,1,30,9,8,3,H,13,4,6,1,1.0,19.0,6.0,0.0,15.0,5.0
2024-03-31,Man City,Arsenal,0,0,12,6,1,2,D,15,0,6,0,3.0,27.0,8.0,6.0,22.0,10.0
2024-04-02,West Ham,Tottenham,1,1,11,13,4,4,D,22,21,1,0,1.0,13.0,5.0,0.0,14.0,5.0
2024-04-02,Burnley,Wolves,1,1,13,8,6,2,D,5,23,1,0,2.0,17.0,6.0,0.0,13.0,3.0
2024-04-02,Bournemouth,Crystal Palace,1,0,11,3,6,2,H,2,7,1,1,2.0,11.0,4.0,1.0,10.0,3.0
2024-04-02,Nott'm Forest,Fulham,3,1,16,18,4,3,H,18,9,1,1,1.0,12.0,5.0,3.0,24.0,9.0
2024-04-02,Newcastle,Everton,1,1,18,10,6,3,D,17,8,1,0,4.0,24.0,9.0,1.0,7.0,3.0
2024-04-03,Arsenal,Luton,2,0,13,5,4,1,H,0,14,2,1,2.0,17.0,6.0,1.0,7.0,3.0
2024-04-03,Brentford,Brighton,0,0,5,24,2,6,D,3,4,2,0,1.0,31.0,5.0,1.0,9.0,3.0
2024-04-03,Man City,Aston Villa,4,1,25,8,11,3,H,15,1,2,1,0.0,12.0,1.0,1.0,13.0,5.0
2024-04-04,Liverpool,Sheffield United,3,1,29,8,9,3,H,13,19,3,1,2.0,30.0,8.0,2.0,13.0,9.0
2024-04-04,Chelsea,Man United,4,3,28,19,10,5,H,6,16,3,1,2.0,33.0,13.0,1.0,11.0,5.0
2024-04-06,Crystal Palace,Man City,2,4,7,18,4,8,A,7,15,5,0,1.0,21.0,4.0,1.0,10.0,6.0
2024-04-06,Aston Villa,Brentford,3,3,11,8,3,3,D,1,3,5,0,2.0,11.0,5.0,1.0,9.0,5.0
2024-04-06,Everton,Burnley,1,0,12,6,3,1,H,8,5,5,1,1.0,22.0,11.0,2.0,18.0,7.0
2024-04-06,Fulham,Newcastle,0,1,14,12,4,5,A,9,17,5,0,3.0,16.0,7.0,2.0,11.0,3.0
2024-04-06,Luton,Bournemouth,2,1,19,8,9,1,H,14,2,5,1,1.0,10.0,4.0,2.0,10.0,3.0
2024-04-06,Wolves,West Ham,1,2,14,11,7,4,A,23,22,5,0,2.0,8.0,3.0,3.0,10.0,4.0
2024-04-06,Brighton,Arsenal,0,3,10,20,2,7,A,4,0,5,0,1.0,10.0,3.0,0.0,6.0,2.0
2024-04-07,Sheffield United,Chelsea,2,2,11,6,6,3,D,19,6,6,0,3.0,8.0,4.0,2.0,17.0,6.0
2024-04-07,Tottenham,Nott'm Forest,3,1,17,13,7,6,H,21,18,6,1,2.0,17.0,4.0,1.0,16.0,6.0
2024-04-07,Man United,Liverpool,2,2,9,28,5,7,D,16,13,6,0,2.0,15.0,8.0,1.0,22.0,2.0
2024-04-13,Newcastle,Tottenham,4,0,18,11,5,2,H,17,21,5,1,1.0,18.0,6.0,1.0,13.0,4.0
2024-04-13,Brentford,Sheffield United,2,0,9,8,5,2,H,3,19,5,1,0.0,5.0,2.0,1.0,8.0,3.0
2024-04-13,Burnley,Brighton,1,1,11,20,3,8,D,5,4,5,0,1.0,13.0,6.0,0.0,24.0,6.0
2024-04-13,Man City,Luton,5,1,33,4,13,2,H,15,14,5,1,4.0,25.0,11.0,0.0,5.0,1.0
2024-04-13,Nott'm Forest,Wolves,2,2,18,11,9,4,D,18,23,5,0,3.0,16.0,4.0,1.0,8.0,2.0
2024-04-13,Bournemouth,Man United,2,2,20,8,5,2,D,2,16,5,0,1.0,11.0,6.0,3.0,19.0,5.0
2024-04-14,West Ham,Fulham,0,2,15,18,4,10,A,22,9,6,0,1.0,11.0,4.0,1.0,18.0,3.0
2024-04-14,Liverpool,Crystal Palace,0,1,21,8,6,5,A,13,7,6,0,3.0,29.0,9.0,0.0,3.0,2.0
2024-04-14,Arsenal,Aston Villa,0,2,18,11,4,2,A,0,1,6,0,2.0,13.0,4.0,1.0,8.0,3.0
2024-04-15,Chelsea,Everton,6,0,14,10,10,2,H,6,8,0,1,4.0,28.0,10.0,1.0,10.0,3.0
2024-04-20,Luton,Brentford,1,5,6,21,3,9,A,14,3,5,0,2.0,19.0,9.0,3.0,8.0,3.0
2024-04-20,Sheffield United,Burnley,1,4,18,16,11,9,A,19,5,5,0,2.0,11.0,6.0,0.0,6.0,1.0
2024-04-20,Wolves,Arsenal,0,2,5,24,3,9,A,23,0,5,0,1.0,14.0,7.0,3.0,20.0,7.0
2024-04-21,Aston Villa,Bournemouth,3,1,14,14,4,6,H,1,2,6,1,3.0,11.0,3.0,1.0,8.0,1.0
2024-04-21,Crystal Palace,West Ham,5,2,18,4,7,1,H,7,22,6,1,2.0,7.0,4.0,2.0,11.0,4.0
2024-04-21,Everton,Nott'm Forest,2,0,7,8,4,3,H,8,18,6,1,1.0,12.0,3.0,1.0,13.0,6.0
2024-04-21,Fulham,Liverpool,1,3,12,14,5,7,A,9,13,6,0,0.0,14.0,4.0,2.0,28.0,7.0
2024-04-23,Arsenal,Chelsea,5,0,27,7,10,1,H,0,6,1,1,0.0,18.0,4.0,2.0,6.0,3.0
2024-04-24,Man United,Sheffield United,4,2,25,10,13,4,H,16,19,2,1,2.0,9.0,5.0,0.0,8.0,2.0
2024-04-24,Everton,Liverpool,2,0,16,23,6,7,H,8,13,2,1,2.0,7.0,4.0,3.0,14.0,7.0
2024-04-24,Crystal Palace,Newcastle,2,0,20,7,7,2,H,7,17,2,1,5.0,18.0,7.0,1.0,12.0,5.0
2024-04-24,Wolves,Bournemouth,0,1,15,21,4,6,A,23,2,2,0,0.0,5.0,3.0,1.0,14.0,6.0
2024-04-25,Brighton,Man City,0,4,7,14,3,6,A,4,15,3,0,0.0,10.0,2.0,4.0,18.0,8.0
2024-04-27,West Ham,Liverpool,2,2,11,28,8,8,D,22,13,5,0,0.0,15.0,4.0,0.0,23.0,7.0
2024-04-27,Fulham,Crystal Palace,1,1,9,14,2,4,D,9,7,5,0,1.0,12.0,5.0,1.0,8.0,5.0
2024-04-27,Man United,Burnley,1,1,27,16,10,7,D,16,5,5,0,4.0,25.0,13.0,4.0,16.0,9.0
2024-04-27,Newcastle,Sheffield United,5,1,20,15,7,5,H,17,19,5,1,4.0,18.0,5.0,2.0,10.0,4.0
2024-04-27,Wolves,Luton,2,1,13,9,5,6,H,23,14,5,1,0.0,15.0,4.0,1.0,4.0,2.0
2024-04-27,Everton,Brentford,1,0,18,10,1,4,H,8,3,5,1,2.0,16.0,6.0,5.0,21.0,9.0
2024-04-27,Aston Villa,Chelsea,2,2,9,21,4,5,D,1,6,5,0,3.0,14.0,4.0,0.0,7.0,1.0
2024-04-28,Bournemouth,Brighton,3,0,15,13,6,1,H,2,4,6,1,2.0,20.0,5.0,1.0,20.0,8.0
2024-04-28,Tottenham,Arsenal,2,3,14,9,2,3,A,21,0,6,0,3.0,17.0,7.0,2.0,24.0,9.0
2024-04-28,Nott'm Forest,Man City,0,2,14,11,2,5,A,18,15,6,0,2.0,18.0,9.0,4.0,14.0,6.0
2024-05-02,Chelsea,Tottenham,2,0,16,19,5,3,H,6,21,3,1,6.0,14.0,10.0,0.0,11.0,2.0
2024-05-03,Luton,Everton,1,1,18,10,5,3,D,14,8,4,0,1.0,6.0,3.0,0.0,10.0,2.0
2024-05-04,Man City,Wolves,5,1,20,2,12,1,H,15,23,5,1,5.0,33.0,13.0,2.0,11.0,4.0
2024-05-04,Burnley,Newcastle,1,4,17,23,5,11,A,5,17,5,0,1.0,11.0,3.0,0.0,7.0,2.0
2024-05-04,Sheffield United,Nott'm Forest,1,3,17,15,5,4,A,19,18,5,0,1.0,18.0,11.0,0.0,8.0,3.0
2024-05-04,Arsenal,Bournemouth,3,0,25,7,9,2,H,0,2,5,1,5.0,27.0,10.0,1.0,21.0,6.0
2024-05-04,Brentford,Fulham,0,0,7,15,3,3,D,3,9,5,0,2.0,9.0,5.0,2.0,18.0,10.0
2024-05-05,Brighton,Aston Villa,1,0,15,2,8,1,H,4,1,6,1,0.0,7.0,3.0,2.0,11.0,2.0
2024-05-05,Chelsea,West Ham,5,0,25,13,14,2,H,6,22,6,1,2.0,16.0,5.0,2.0,4.0,1.0
2024-05-05,Liverpool,Tottenham,4,2,25,11,13,6,H,13,21,6,1,0.0,21.0,6.0,0.0,19.0,3.0
2024-05-06,Crystal Palace,Man United,4,0,18,7,10,2,H,7,16,0,1,2.0,20.0,7.0,2.0,8.0,2.0
2024-05-11,Everton,Sheffield United,1,0,15,13,6,1,H,8,19,5,1,1.0,18.0,1.0,1.0,15.0,5.0
2024-05-11,Fulham,Man City,0,4,1,16,1,9,A,9,15,5,0,1.0,9.0,2.0,2.0,11.0,5.0
2024-05-11,Bournemouth,Brentford,1,2,13,11,4,5,A,2,3,5,0,3.0,15.0,6.0,0.0,10.0,4.0
2024-05-11,Newcastle,Brighton,1,1,18,15,7,4,D,17,4,5,0,5.0,20.0,7.0,0.0,13.0,1.0
2024-05-11,Tottenham,Burnley,2,1,21,7,9,3,H,21,5,5,1,2.0,14.0,2.0,1.0,16.0,7.0
2024-05-11,West Ham,Luton,3,1,24,4,8,1,H,22,14,5,1,2.0,11.0,8.0,1.0,9.0,6.0
2024-05-11,Wolves,Crystal Palace,1,3,13,13,7,3,A,23,7,5,0,2.0,13.0,5.0,1.0,14.0,4.0
2024-05-11,Nott'm Forest,Chelsea,2,3,20,12,4,5,A,18,6,5,0,0.0,14.0,2.0,2.0,21.0,5.0
2024-05-12,Man United,Arsenal,0,1,14,11,2,5,A,16,0,6,0,1.0,27.0,10.0,3.0,9.0,3.0
2024-05-13,Aston Villa,Liverpool,3,3,19,14,5,7,D,1,13,0,0,2.0,9.0,4.0,2.0,28.0,8.0
2024-05-14,Tottenham,Man City,0,2,10,8,5,5,A,21,15,1,0,2.0,21.0,9.0,4.0,16.0,9.0
2024-05-15,Man United,Newcastle,3,2,17,21,8,8,H,16,17,2,1,0.0,14.0,2.0,4.0,23.0,11.0
2024-05-15,Brighton,Chelsea,1,2,12,13,2,6,A,4,6,2,0,1.0,15.0,8.0,3.0,12.0,5.0
2024-05-19,Arsenal,Everton,2,1,26,5,5,2,H,0,8,6,1,3.0,25.0,9.0,1.0,10.0,3.0
2024-05-19,Brentford,Newcastle,2,4,10,12,5,7,A,3,17,6,0,0.0,7.0,3.0,2.0,21.0,8.0
2024-05-19,Brighton,Man United,0,2,17,11,3,4,A,4,16,6,0,1.0,12.0,2.0,0.0,7.0,2.0
2024-05-19,Burnley,Nott'm Forest,1,2,20,12,3,6,A,5,18,6,0,1.0,17.0,5.0,3.0,15.0,4.0
2024-05-19,Chelsea,Bournemouth,2,1,16,22,6,5,H,6,2,6,1,5.0,25.0,14.0,0.0,7.0,2.0
2024-05-19,Crystal Palace,Aston Villa,5,0,15,8,9,2,H,7,1,6,1,4.0,18.0,10.0,0.0,2.0,1.0
2024-05-19,Liverpool,Wolves,2,0,36,4,14,3,H,13,23,6,1,4.0,25.0,13.0,1.0,2.0,1.0
2024-05-19,Luton,Fulham,2,4,15,15,6,7,A,14,9,6,0,1.0,18.0,5.0,0.0,15.0,3.0
2024-05-19,Man City,West Ham,3,1,28,3,12,2,H,15,22,6,1,5.0,20.0,12.0,0.0,13.0,2.0
2024-05-19,Sheffield United,Tottenham,0,3,6,18,1,9,A,19,21,6,0,1.0,17.0,5.0,2.0,11.0,6.0
2024-08-16,Man United,Fulham,1,0,14,10,5,2,H,16,9,4,1,3.0,17.0,8.0,4.0,15.0,7.0
2024-08-17,West Ham,Aston Villa,1,2,14,15,3,3,A,22,1,5,0,3.0,24.0,8.0,0.0,8.0,2.0
2024-08-17,Nott'm Forest,Bournemouth,1,1,14,13,8,4,D,18,2,5,0,2.0,20.0,4.0,1.0,22.0,5.0
2024-08-17,Newcastle,Southampton,1,0,3,19,1,4,H,17,20,5,1,1.0,18.0,7.0,1.0,5.0,1.0
2024-08-17,Arsenal,Wolves,2,0,18,9,6,3,H,0,23,5,1,2.0,26.0,5.0,0.0,4.0,3.0
2024-08-17,Everton,Brighton,0,3,9,10,1,5,A,8,4,5,0,1.0,15.0,6.0,1.0,15.0,4.0
2024-08-18,Brentford,Crystal Palace,2,1,9,14,5,6,H,3,7,6,1,2.0,10.0,5.0,3.0,13.0,3.0
2024-08-18,Chelsea,Man City,0,2,10,11,3,5,A,6,15,6,0,2.0,16.0,6.0,2.0,8.0,5.0
2024-08-19,Leicester,Tottenham,1,1,7,15,3,7,D,12,21,0,0,2.0,13.0,4.0,3.0,18.0,9.0
2024-08-24,Brighton,Man United,2,1,14,11,5,4,H,4,16,5,1,0.0,17.0,3.0,2.0,11.0,4.0
2024-08-24,Crystal Palace,West Ham,0,2,14,18,2,3,A,7,22,5,0,5.0,15.0,9.0,1.0,3.0,2.0
2024-08-24,Fulham,Leicester,2,1,18,10,6,4,H,9,12,5,1,0.0,1.0,1.0,0.0,1.0,1.0
2024-08-24,Southampton,Nott'm Forest,0,1,5,23,1,8,A,20,18,5,0,4.0,15.0,10.0,2.0,12.0,6.0
2024-08-24,Tottenham,Everton,4,0,13,10,7,1,H,21,8,5,1,0.0,10.0,5.0,1.0,5.0,2.0
2024-08-24,Aston Villa,Arsenal,0,2,11,9,3,4,A,1,0,5,0,3.0,19.0,5.0,1.0,11.0,5.0
2024-08-25,Wolves,Chelsea,2,6,12,14,4,8,A,23,6,6,0,1.0,13.0,7.0,2.0,13.0,6.0
2024-08-25,Bournemouth,Newcastle,1,1,16,14,4,5,D,2,17,6,0,1.0,13.0,4.0,4.0,12.0,7.0
2024-08-25,Liverpool,Brentford,2,0,19,8,8,2,H,13,3,6,1,2.0,36.0,14.0,2.0,11.0,5.0
2024-08-31,Brentford,Southampton,3,1,20,18,7,6,H,3,20,5,1,2.0,9.0,5.0,0.0,19.0,4.0
2024-08-31,Nott'm Forest,Wolves,1,1,16,11,5,3,D,18,23,5,0,1.0,14.0,8.0,0.0,9.0,3.0
2024-08-31,West Ham,Man City,1,3,10,23,2,8,A,22,15,5,0,1.0,14.0,3.0,2.0,11.0,5.0
2024-08-31,Leicester,Aston Villa,1,2,9,10,3,5,A,12,1,5,0,1.0,7.0,3.0,2.0,15.0,3.0
2024-08-31,Arsenal,Brighton,1,1,11,22,7,4,D,0,4,5,0,2.0,18.0,6.0,3.0,10.0,5.0
2024-08-31,Everton,Bournemouth,2,3,18,17,8,7,A,8,2,5,0,0.0,9.0,1.0,1.0,13.0,4.0
2024-08-31,Ipswich,Fulham,1,1,11,9,4,4,D,10,9,5,0,0.0,7.0,2.0,0.0,10.0,2.0
2024-09-01,Chelsea,Crystal Palace,1,1,13,9,7,3,D,6,7,6,0,0.0,10.0,3.0,1.0,14.0,6.0
2024-09-01,Newcastle,Tottenham,2,1,9,20,3,6,H,17,21,6,1,1.0,3.0,1.0,1.0,15.0,7.0
2024-09-01,Man United,Liverpool,0,3,8,11,3,3,A,16,13,6,0,1.0,14.0,5.0,2.0,18.0,5.0
2024-09-14,Southampton,Man United,0,3,6,20,4,10,A,20,16,5,0,0.0,5.0,1.0,1.0,11.0,4.0
2024-09-14,Brighton,Ipswich,0,0,21,6,6,1,D,4,10,5,0,2.0,14.0,5.0,1.0,1.0,1.0
2024-09-14,Crystal Palace,Leicester,2,2,20,9,4,4,D,7,12,5,0,0.0,14.0,2.0,1.0,10.0,4.0
2024-09-14,Fulham,West Ham,1,1,21,11,5,3,D,9,22,5,0,2.0,18.0,6.0,2.0,18.0,3.0
2024-09-14,Liverpool,Nott'm Forest,0,1,14,5,5,3,A,13,18,5,0,2.0,19.0,8.0,1.0,23.0,8.0
2024-09-14,Man City,Brentford,2,1,18,8,7,5,H,15,3,5,1,4.0,14.0,5.0,0.0,8.0,2.0
2024-09-14,Aston Villa,Everton,3,2,17,6,8,2,H,1,8,5,1,0.0,11.0,3.0,0.0,10.0,1.0
2024-09-14,Bournemouth,Chelsea,0,1,19,10,7,3,A,2,6,5,0,1.0,16.0,4.0,6.0,14.0,8.0
2024-09-15,Wolves,Newcastle,1,2,12,14,5,6,A,23,17,6,0,2.0,12.0,4.0,1.0,14.0,5.0
2024-09-15,Tottenham,Arsenal,0,1,15,7,5,4,A,21,0,6,0,4.0,13.0,7.0,2.0,9.0,4.0
2024-09-21,West Ham,Chelsea,0,3,15,12,7,5,A,22,6,5,0,1.0,10.0,2.0,1.0,10.0,3.0
2024-09-21,Aston Villa,Wolves,3,1,9,10,4,4,H,1,23,5,1,3.0,17.0,8.0,1.0,11.0,3.0
2024-09-21,Fulham,Newcastle,3,1,22,15,11,4,H,9,17,5,1,1.0,21.0,5.0,2.0,14.0,6.0
2024-09-21,Leicester,Everton,1,1,12,16,2,5,D,12,8,5,0,1.0,9.0,3.0,2.0,6.0,2.0
2024-09-21,Liverpool,Bournemouth,3,0,19,19,13,6,H,13,2,5,1,0.0,14.0,5.0,3.0,17.0,7.0
2024-09-21,Southampton,Ipswich,1,1,11,13,3,6,D,20,10,5,0,0.0,6.0,4.0,0.0,6.0,1.0
2024-09-21,Tottenham,Brentford,3,1,23,6,10,6,H,21,3,5,1,0.0,15.0,5.0,1.0,8.0,5.0
2024-09-21,Crystal Palace,Man United,0,0,9,15,4,6,D,7,16,5,0,2.0,20.0,4.0,3.0,20.0,10.0
2024-09-22,Brighton,Nott'm Forest,2,2,14,4,3,3,D,4,18,6,0,0.0,21.0,6.0,1.0,5.0,3.0
2024-09-22,Man City,Arsenal,2,2,33,5,11,3,D,15,0,6,0,2.0,18.0,7.0,1.0,7.0,4.0
2024-09-28,Wolves,Liverpool,1,2,8,10,3,6,A,23,13,5,0,1.0,12.0,5.0,3.0,11.0,3.0
2024-09-28,Everton,Crystal Palace,2,1,8,17,2,5,H,8,7,5,1,2.0,18.0,8.0,1.0,9.0,3.0
2024-09-28,Chelsea,Brighton,4,2,15,15,7,5,H,6,4,5,1,1.0,13.0,7.0,1.0,22.0,4.0
2024-09-28,Nott'm Forest,Fulham,0,1,11,14,1,2,A,18,9,5,0,1.0,16.0,5.0,1.0,9.0,4.0
2024-09-28,Arsenal,Leicester,4,2,36,5,16,3,H,0,12,5,1,1.0,11.0,7.0,2.0,9.0,4.0
2024-09-28,Newcastle,Man City,1,1,11,16,4,6,D,17,15,5,0,2.0,9.0,3.0,3.0,23.0,8.0
2024-09-28,Brentford,West Ham,1,1,8,19,3,3,D,3,22,5,0,3.0,20.0,7.0,1.0,11.0,3.0
2024-09-29,Ipswich,Aston Villa,2,2,15,7,5,3,D,10,1,6,0,1.0,11.0,4.0,2.0,10.0,5.0
2024-09-29,Man United,Tottenham,0,3,11,24,2,10,A,16,21,6,0,0.0,8.0,3.0,1.0,20.0,6.0
2024-09-30,Bournemouth,Southampton,3,1,14,9,6,3,H,2,20,0,1,0.0,19.0,7.0,1.0,18.0,6.0
2024-10-05,Everton,Newcastle,0,0,8,14,2,3,D,8,17,5,0,2.0,8.0,2.0,1.0,15.0,4.0
2024-10-05,West Ham,Ipswich,4,1,23,9,13,2,H,22,10,5,1,0.0,15.0,7.0,1.0,13.0,6.0
2024-10-05,Man City,Fulham,3,2,20,11,7,4,H,15,9,5,1,2.0,33.0,11.0,1.0,14.0,2.0
2024-10-05,Leicester,Bournemouth,1,0,6,17,2,2,H,12,2,5,1,1.0,12.0,2.0,0.0,19.0,6.0
2024-10-05,Brentford,Wolves,5,3,19,17,12,6,H,3,23,5,1,1.0,8.0,3.0,1.0,10.0,4.0
2024-10-05,Arsenal,Southampton,3,1,29,8,6,2,H,0,20,5,1,4.0,36.0,16.0,1.0,9.0,3.0
2024-10-05,Crystal Palace,Liverpool,0,1,9,16,5,4,A,7,13,5,0,0.0,9.0,4.0,2.0,10.0,6.0
2024-10-06,Aston Villa,Man United,0,0,11,10,1,4,D,1,16,6,0,3.0,9.0,4.0,0.0,15.0,6.0
2024-10-06,Chelsea,Nott'm Forest,1,1,22,16,8,9,D,6,18,6,0,4.0,15.0,7.0,2.0,4.0,3.0
2024-10-06,Brighton,Tottenham,3,2,11,13,4,3,H,4,21,6,1,2.0,14.0,3.0,3.0,24.0,10.0
2024-10-19,Bournemouth,Arsenal,2,0,13,6,4,1,H,2,0,5,1,3.0,14.0,6.0,2.0,5.0,3.0
2024-10-19,Southampton,Leicester,2,3,14,18,7,4,A,20,12,5,0,1.0,11.0,3.0,2.0,5.0,3.0
2024-10-19,Newcastle,Brighton,0,1,21,10,6,5,A,17,4,5,0,1.0,11.0,4.0,2.0,15.0,5.0
2024-10-19,Tottenham,West Ham,4,1,22,11,7,4,H,21,22,5,1,3.0,23.0,10.0,1.0,19.0,3.0
2024-10-19,Ipswich,Everton,0,2,13,11,2,8,A,10,8,5,0,2.0,15.0,5.0,1.0,16.0,5.0
2024-10-19,Fulham,Aston Villa,1,3,10,14,4,5,A,9,1,5,0,3.0,22.0,11.0,2.0,7.0,3.0
2024-10-19,Man United,Brentford,2,1,23,8,11,2,H,16,3,5,1,0.0,11.0,2.0,1.0,6.0,6.0
2024-10-20,Wolves,Man City,1,2,3,22,2,7,A,23,15,6,0,1.0,8.0,3.0,1.0,16.0,6.0
2024-10-20,Liverpool,Chelsea,2,1,9,12,5,2,H,13,6,6,1,3.0,19.0,13.0,3.0,12.0,5.0
2024-10-21,Nott'm Forest,Crystal Palace,1,0,20,20,6,7,H,18,7,0,1,0.0,11.0,1.0,1.0,17.0,5.0
2024-10-25,Leicester,Nott'm Forest,1,3,11,20,1,5,A,12,18,4,0,1.0,6.0,2.0,1.0,16.0,9.0
2024-10-26,Everton,Fulham,1,1,10,14,5,3,D,8,9,5,0,0.0,8.0,2.0,2.0,11.0,4.0
2024-10-26,Aston Villa,Bournemouth,1,1,18,11,8,3,D,1,2,5,0,0.0,11.0,1.0,0.0,17.0,2.0
2024-10-26,Brentford,Ipswich,4,3,20,11,9,5,H,3,10,5,1,5.0,19.0,12.0,1.0,9.0,2.0
2024-10-26,Brighton,Wolves,2,2,19,14,6,7,D,4,23,5,0,3.0,11.0,4.0,3.0,17.0,6.0
2024-10-26,Man City,Southampton,1,0,22,5,8,2,H,15,20,5,1,3.0,20.0,7.0,1.0,8.0,2.0
2024-10-27,Crystal Palace,Tottenham,1,0,14,11,6,3,H,7,21,6,1,0.0,9.0,5.0,2.0,13.0,3.0
2024-10-27,West Ham,Man United,2,1,12,18,3,5,H,22,16,6,1,4.0,23.0,13.0,0.0,10.0,4.0
2024-10-27,Chelsea,Newcastle,2,1,17,11,7,3,H,6,17,6,1,1.0,22.0,8.0,0.0,14.0,3.0
2024-10-27,Arsenal,Liverpool,2,2,9,9,3,4,D,0,13,6,0,3.0,29.0,6.0,1.0,16.0,4.0
2024-11-02,Southampton,Everton,1,0,9,16,2,5,H,20,8,5,1,2.0,14.0,7.0,2.0,11.0,8.0
2024-11-02,Wolves,Crystal Palace,2,2,11,19,6,7,D,23,7,5,0,1.0,3.0,2.0,0.0,20.0,7.0
2024-11-02,Nott'm Forest,West Ham,3,0,19,4,6,2,H,18,22,5,1,1.0,20.0,6.0,1.0,11.0,4.0
2024-11-02,Ipswich,Leicester,1,1,14,20,2,6,D,10,12,5,0,0.0,13.0,2.0,3.0,18.0,4.0
2024-11-02,Liverpool,Brighton,2,1,16,13,8,5,H,13,4,5,1,2.0,9.0,5.0,1.0,10.0,5.0
2024-11-02,Bournemouth,Man City,2,1,12,18,6,4,H,2,15,5,1,2.0,13.0,4.0,2.0,22.0,7.0
2024-11-02,Newcastle,Arsenal,1,0,9,10,4,1,H,17,0,5,1,0.0,21.0,6.0,0.0,6.0,1.0
2024-11-03,Tottenham,Aston Villa,4,1,16,12,6,1,H,21,1,6,1,4.0,22.0,7.0,3.0,14.0,5.0
2024-11-03,Man United,Chelsea,1,1,11,12,4,3,D,16,6,6,0,2.0,23.0,11.0,1.0,12.0,2.0
2024-11-04,Fulham,Brentford,2,1,26,5,12,2,H,9,3,0,1,1.0,10.0,4.0,1.0,8.0,2.0
2024-11-09,Liverpool,Aston Villa,2,0,14,12,5,2,H,13,1,5,1,2.0,16.0,8.0,1.0,12.0,1.0
2024-11-09,Brighton,Man City,2,1,10,15,4,6,H,4,15,5,1,2.0,19.0,6.0,1.0,18.0,4.0
2024-11-09,Wolves,Southampton,2,0,8,9,4,0,H,23,20,5,1,2.0,11.0,6.0,0.0,5.0,2.0
2024-11-09,Crystal Palace,Fulham,0,2,13,17,5,7,A,7,9,5,0,1.0,14.0,6.0,1.0,14.0,3.0
2024-11-09,Brentford,Bournemouth,3,2,12,15,6,3,H,3,2,5,1,4.0,20.0,9.0,1.0,11.0,3.0
2024-11-09,West Ham,Everton,0,0,11,18,6,4,D,22,8,5,0,2.0,12.0,3.0,0.0,16.0,5.0
2024-11-10,Man United,Leicester,3,0,13,6,3,5,H,16,12,6,1,1.0,11.0,4.0,1.0,20.0,6.0
2024-11-10,Nott'm Forest,Newcastle,1,3,9,17,3,6,A,18,17,6,0,3.0,19.0,6.0,1.0,11.0,3.0
2024-11-10,Tottenham,Ipswich,1,2,17,8,5,3,A,21,10,6,0,4.0,16.0,6.0,3.0,11.0,5.0
2024-11-10,Chelsea,Arsenal,1,1,17,13,3,3,D,6,0,6,0,2.0,17.0,7.0,0.0,10.0,1.0
2024-11-23,Fulham,Wolves,1,4,10,10,3,5,A,9,23,5,0,2.0,26.0,12.0,2.0,14.0,7.0
2024-11-23,Man City,Tottenham,0,4,23,9,5,7,A,15,21,5,0,1.0,22.0,8.0,0.0,11.0,3.0
2024-11-23,Everton,Brentford,0,0,27,9,5,2,D,8,3,5,0,1.0,10.0,5.0,1.0,5.0,2.0
2024-11-23,Leicester,Chelsea,1,2,4,16,1,7,A,12,6,5,0,1.0,11.0,1.0,1.0,12.0,3.0
2024-11-23,Aston Villa,Crystal Palace,2,2,17,13,5,6,D,1,7,5,0,1.0,18.0,8.0,2.0,19.0,7.0
2024-11-23,Arsenal,Nott'm Forest,3,0,19,7,7,0,H,0,18,5,1,2.0,9.0,3.0,3.0,20.0,5.0
2024-11-23,Bournemouth,Brighton,1,2,19,6,5,4,A,2,4,5,0,2.0,12.0,6.0,1.0,13.0,5.0
2024-11-24,Southampton,Liverpool,2,3,7,27,5,11,A,20,13,6,0,1.0,9.0,2.0,2.0,9.0,4.0
2024-11-24,Ipswich,Man United,1,1,11,11,6,4,D,10,16,6,0,1.0,14.0,2.0,1.0,18.0,5.0
2024-11-25,Newcastle,West Ham,0,2,18,15,2,6,A,17,22,0,0,1.0,9.0,4.0,0.0,4.0,2.0
2024-11-29,Brighton,Southampton,1,1,22,10,5,2,D,4,20,4,0,2.0,10.0,4.0,0.0,9.0,0.0
2024-11-30,Brentford,Leicester,4,1,13,7,6,3,H,3,12,5,1,3.0,12.0,6.0,0.0,6.0,5.0
2024-11-30,Crystal Palace,Newcastle,1,1,16,1,4,0,D,7,17,5,0,0.0,13.0,5.0,3.0,17.0,6.0
2024-11-30,Nott'm Forest,Ipswich,1,0,12,7,5,3,H,18,10,5,1,1.0,9.0,3.0,2.0,8.0,3.0
2024-11-30,Wolves,Bournemouth,2,4,10,12,3,8,A,23,2,5,0,2.0,8.0,4.0,2.0,15.0,3.0
2024-11-30,West Ham,Arsenal,2,5,12,16,5,7,A,22,0,5,0,0.0,11.0,6.0,1.0,13.0,3.0
2024-12-01,Liverpool,Man City,2,0,18,8,7,2,H,13,15,6,1,2.0,14.0,5.0,1.0,15.0,6.0
2024-12-01,Tottenham,Fulham,1,1,8,14,3,6,D,21,9,6,0,1.0,17.0,5.0,2.0,17.0,7.0
2024-12-01,Man United,Everton,4,0,11,8,5,2,H,16,8,6,1,3.0,13.0,3.0,0.0,18.0,4.0
2024-12-01,Chelsea,Aston Villa,3,0,17,10,8,4,H,6,1,6,1,1.0,17.0,3.0,0.0,12.0,2.0
2024-12-03,Ipswich,Crystal Palace,0,1,9,13,2,3,A,10,7,1,0,1.0,11.0,6.0,2.0,13.0,6.0
2024-12-03,Leicester,West Ham,3,1,8,31,6,10,H,12,22,1,1,1.0,4.0,1.0,2.0,15.0,6.0
2024-12-04,Arsenal,Man United,2,0,14,5,6,2,H,0,16,2,1,3.0,19.0,7.0,1.0,11.0,4.0
2024-12-04,Southampton,Chelsea,1,5,6,26,4,13,A,20,6,2,0,2.0,7.0,5.0,2.0,16.0,7.0
2024-12-04,Aston Villa,Brentford,3,1,20,9,10,1,H,1,3,2,1,2.0,17.0,5.0,0.0,9.0,2.0
2024-12-04,Man City,Nott'm Forest,3,0,17,12,7,3,H,15,18,2,1,0.0,23.0,5.0,0.0,7.0,0.0
2024-12-04,Everton,Wolves,4,0,13,6,4,2,H,8,23,2,1,0.0,27.0,5.0,4.0,10.0,5.0
2024-12-04,Newcastle,Liverpool,3,3,17,16,6,5,D,17,13,2,0,0.0,18.0,2.0,3.0,27.0,11.0
2024-12-05,Fulham,Brighton,3,1,6,13,2,3,H,9,4,3,1,1.0,10.0,3.0,2.0,6.0,4.0
2024-12-05,Bournemouth,Tottenham,1,0,21,12,8,4,H,2,21,3,1,1.0,19.0,5.0,4.0,9.0,7.0
2024-12-07,Aston Villa,Southampton,1,0,18,4,5,0,H,1,20,5,1,3.0,20.0,10.0,1.0,10.0,2.0
2024-12-07,Brentford,Newcastle,4,2,11,16,8,3,H,3,17,5,1,4.0,13.0,6.0,1.0,1.0,0.0
2024-12-07,Crystal Palace,Man City,2,2,12,12,3,4,D,7,15,5,0,1.0,16.0,4.0,0.0,8.0,2.0
2024-12-07,Man United,Nott'm Forest,2,3,17,11,7,3,A,16,18,5,0,4.0,11.0,5.0,0.0,12.0,3.0
2024-12-08,Tottenham,Chelsea,3,4,13,17,5,8,A,21,6,6,0,1.0,8.0,3.0,5.0,26.0,13.0
2024-12-08,Leicester,Brighton,2,2,10,16,3,7,D,12,4,6,0,3.0,8.0,6.0,1.0,13.0,3.0
2024-12-08,Fulham,Arsenal,1,1,2,12,2,4,D,9,0,6,0,3.0,6.0,2.0,5.0,16.0,7.0
2024-12-08,Ipswich,Bournemouth,1,2,18,22,5,6,A,10,2,6,0,0.0,9.0,2.0,4.0,12.0,8.0
2024-12-09,West Ham,Wolves,2,1,19,19,4,5,H,22,23,0,1,2.0,12.0,5.0,0.0,6.0,2.0
2024-12-14,Arsenal,Everton,0,0,13,2,5,0,D,0,8,5,0,2.0,14.0,6.0,0.0,8.0,2.0
2024-12-14,Liverpool,Fulham,2,2,16,12,4,3,D,13,9,5,0,2.0,18.0,7.0,1.0,14.0,6.0
2024-12-14,Newcastle,Leicester,4,0,27,4,11,1,H,17,12,5,1,3.0,17.0,6.0,1.0,7.0,3.0
2024-12-14,Wolves,Ipswich,1,2,16,10,6,5,A,23,10,5,0,2.0,10.0,3.0,0.0,7.0,3.0
2024-12-14,Nott'm Forest,Aston Villa,2,1,17,8,6,2,H,18,1,5,1,1.0,12.0,5.0,0.0,10.0,4.0
2024-12-15,Brighton,Crystal Palace,1,3,17,13,5,5,A,4,7,6,0,1.0,22.0,5.0,1.0,13.0,3.0
2024-12-15,Man City,Man United,1,2,10,10,3,3,A,15,16,6,0,3.0,17.0,7.0,0.0,5.0,2.0
2024-12-15,Chelsea,Brentford,2,1,26,9,8,4,H,6,3,6,1,3.0,17.0,8.0,1.0,9.0,1.0
2024-12-15,Southampton,Tottenham,0,5,9,18,3,9,A,20,21,6,0,1.0,6.0,4.0,0.0,12.0,4.0
2024-12-16,Bournemouth,West Ham,1,1,29,16,9,3,D,2,22,0,0,1.0,21.0,8.0,1.0,31.0,10.0
2024-12-21,Crystal Palace,Arsenal,1,5,15,14,6,6,A,7,0,5,0,2.0,12.0,3.0,1.0,12.0,4.0
2024-12-21,Ipswich,Newcastle,0,4,10,15,2,7,A,10,17,5,0,1.0,18.0,5.0,2.0,16.0,3.0
2024-12-21,West Ham,Brighton,1,1,11,12,4,6,D,22,4,5,0,2.0,19.0,4.0,2.0,16.0,7.0
2024-12-21,Brentford,Nott'm Forest,0,2,7,10,3,6,A,3,18,5,0,4.0,11.0,8.0,3.0,11.0,3.0
2024-12-21,Aston Villa,Man City,2,1,11,12,6,6,H,1,15,5,1,1.0,18.0,5.0,2.0,12.0,4.0
2024-12-22,Everton,Chelsea,0,0,5,12,4,5,D,8,6,6,0,4.0,13.0,4.0,4.0,17.0,8.0
2024-12-22,Fulham,Southampton,0,0,16,5,5,1,D,9,20,6,0,1.0,2.0,2.0,0.0,4.0,0.0
2024-12-22,Leicester,Wolves,0,3,9,8,5,4,A,12,23,6,0,2.0,10.0,3.0,1.0,19.0,5.0
2024-12-22,Man United,Bournemouth,0,3,23,10,7,5,A,16,2,6,0,2.0,17.0,7.0,2.0,22.0,6.0
2024-12-22,Tottenham,Liverpool,3,6,9,24,5,12,A,21,13,6,0,3.0,13.0,5.0,3.0,16.0,5.0
2024-12-26,Liverpool,Leicester,3,1,19,4,7,1,H,13,12,3,1,2.0,16.0,4.0,0.0,4.0,1.0
2024-12-26,Wolves,Man United,2,0,7,11,4,4,H,23,16,3,1,1.0,16.0,6.0,2.0,10.0,3.0
2024-12-26,Southampton,West Ham,0,1,18,16,5,2,A,20,22,3,0,0.0,9.0,3.0,1.0,16.0,3.0
2024-12-26,Nott'm Forest,Tottenham,1,0,10,13,3,4,H,18,21,3,1,2.0,17.0,6.0,5.0,18.0,9.0
2024-12-26,Chelsea,Fulham,1,2,12,14,8,7,A,6,9,3,0,2.0,26.0,8.0,2.0,12.0,3.0
2024-12-26,Bournemouth,Crystal Palace,0,0,18,10,4,4,D,2,7,3,0,1.0,29.0,9.0,3.0,13.0,5.0
2024-12-26,Man City,Everton,1,1,24,8,5,3,D,15,8,3,0,1.0,10.0,3.0,0.0,2.0,0.0
2024-12-26,Newcastle,Aston Villa,3,0,22,4,8,1,H,17,1,3,1,4.0,27.0,11.0,1.0,8.0,2.0
2024-12-27,Brighton,Brentford,0,0,24,8,7,3,D,4,3,4,0,1.0,17.0,5.0,1.0,9.0,4.0
2024-12-27,Arsenal,Ipswich,1,0,13,3,5,0,H,0,10,4,1,0.0,13.0,5.0,2.0,10.0,5.0
2024-12-29,Tottenham,Wolves,2,2,13,11,3,3,D,21,23,6,0,3.0,9.0,5.0,3.0,8.0,4.0
2024-12-29,West Ham,Liverpool,0,5,7,22,0,13,A,22,13,6,0,1.0,11.0,4.0,6.0,24.0,12.0
2024-12-29,Fulham,Bournemouth,2,2,11,16,6,9,D,9,2,6,0,0.0,16.0,5.0,3.0,10.0,5.0
2024-12-29,Leicester,Man City,0,2,11,14,4,5,A,12,15,6,0,0.0,9.0,5.0,1.0,12.0,6.0
2024-12-29,Crystal Palace,Southampton,2,1,19,7,10,3,H,7,20,6,1,1.0,15.0,6.0,0.0,5.0,1.0
2024-12-29,Everton,Nott'm Forest,0,2,13,11,2,7,A,8,18,6,0,0.0,5.0,4.0,2.0,10.0,6.0
2024-12-30,Aston Villa,Brighton,2,2,20,13,4,4,D,1,4,0,0,2.0,11.0,6.0,1.0,12.0,6.0
2024-12-30,Ipswich,Chelsea,2,0,9,20,6,5,H,10,6,0,1,0.0,10.0,2.0,0.0,12.0,5.0
2024-12-30,Man United,Newcastle,0,2,10,12,0,4,A,16,17,0,0,0.0,23.0,7.0,4.0,15.0,7.0
2025-01-01,Brentford,Arsenal,1,3,5,14,2,5,A,3,0,2,0,0.0,7.0,3.0,5.0,14.0,6.0
2025-01-04,Tottenham,Newcastle,1,2,13,14,4,4,A,21,17,5,0,2.0,13.0,3.0,2.0,12.0,4.0
2025-01-04,Aston Villa,Leicester,2,1,13,4,5,2,H,1,12,5,1,2.0,20.0,4.0,1.0,4.0,1.0
2025-01-04,Bournemouth,Everton,1,0,19,9,8,0,H,2,8,5,1,0.0,18.0,4.0,1.0,8.0,3.0
2025-01-04,Crystal Palace,Chelsea,1,1,13,15,6,1,D,7,6,5,0,2.0,19.0,10.0,0.0,20.0,5.0
2025-01-04,Man City,West Ham,4,1,10,17,7,4,H,15,22,5,1,1.0,24.0,5.0,1.0,16.0,2.0
2025-01-04,Southampton,Brentford,0,5,8,20,1,11,A,20,3,5,0,0.0,18.0,5.0,0.0,8.0,3.0
2025-01-04,Brighton,Arsenal,1,1,11,9,4,3,D,4,0,5,0,0.0,24.0,7.0,3.0,14.0,5.0
2025-01-05,Liverpool,Man United,2,2,19,13,6,4,D,13,16,6,0,3.0,19.0,7.0,0.0,11.0,4.0
2025-01-05,Fulham,Ipswich,2,2,15,7,4,3,D,9,10,6,0,2.0,11.0,6.0,0.0,3.0,0.0
2025-01-06,Wolves,Nott'm Forest,0,3,13,11,6,3,A,23,18,0,0,2.0,7.0,4.0,2.0,11.0,7.0
2025-01-14,Brentford,Man City,2,2,18,21,6,8,D,3,15,1,0,1.0,5.0,2.0,2.0,14.0,5.0
2025-01-14,Chelsea,Bournemouth,2,2,26,7,10,3,D,6,2,1,0,1.0,12.0,8.0,2.0,16.0,9.0
2025-01-14,West Ham,Fulham,3,2,4,21,3,5,H,22,9,1,1,0.0,7.0,0.0,2.0,14.0,7.0
2025-01-14,Nott'm Forest,Liverpool,1,1,6,23,3,7,D,18,13,1,0,1.0,10.0,3.0,5.0,22.0,13.0
2025-01-15,Everton,Aston Villa,0,1,10,11,3,3,A,8,1,2,0,0.0,13.0,2.0,0.0,4.0,1.0
2025-01-15,Leicester,Crystal Palace,0,2,21,9,4,4,A,12,7,2,0,0.0,11.0,4.0,0.0,10.0,4.0
2025-01-15,Newcastle,Wolves,3,0,17,13,5,7,H,17,23,2,1,3.0,22.0,8.0,2.0,11.0,3.0
2025-01-15,Arsenal,Tottenham,2,1,14,10,4,2,H,0,21,2,1,1.0,13.0,5.0,0.0,13.0,4.0
2025-01-16,Ipswich,Brighton,0,2,5,11,3,5,A,10,4,3,0,2.0,9.0,6.0,2.0,13.0,4.0
2025-01-16,Man United,Southampton,3,1,23,13,9,5,H,16,20,3,1,0.0,10.0,0.0,1.0,7.0,3.0
2025-01-18,West Ham,Crystal Palace,0,2,7,12,0,7,A,22,7,5,0,3.0,4.0,3.0,2.0,9.0,4.0
2025-01-18,Leicester,Fulham,0,2,8,17,4,2,A,12,9,5,0,0.0,21.0,4.0,2.0,21.0,5.0
2025-01-18,Arsenal,Aston Villa,2,2,18,8,6,4,D,0,1,5,0,2.0,14.0,4.0,1.0,11.0,3.0
2025-01-18,Newcastle,Bournemouth,1,4,13,19,5,10,A,17,2,5,0,3.0,17.0,5.0,2.0,7.0,3.0
2025-01-18,Brentford,Liverpool,0,2,11,37,6,8,A,3,13,5,0,2.0,18.0,6.0,1.0,23.0,7.0
2025-01-19,Everton,Tottenham,3,2,12,11,6,6,H,8,21,6,1,0.0,10.0,3.0,1.0,10.0,2.0
2025-01-19,Man United,Brighton,1,3,10,6,1,3,A,16,4,6,0,3.0,23.0,9.0,2.0,11.0,5.0
2025-01-19,Nott'm Forest,Southampton,3,2,14,10,5,4,H,18,20,6,1,1.0,6.0,3.0,1.0,13.0,5.0
2025-01-19,Ipswich,Man City,0,6,8,17,4,9,A,10,15,6,0,0.0,5.0,3.0,2.0,21.0,8.0
2025-01-20,Chelsea,Wolves,3,1,19,9,7,4,H,6,23,0,1,2.0,26.0,10.0,0.0,13.0,7.0
2025-01-25,Man City,Chelsea,3,1,15,10,6,4,H,15,6,5,1,4.0,10.0,7.0,1.0,15.0,1.0
2025-01-25,Wolves,Arsenal,0,1,9,9,4,3,A,23,0,5,0,0.0,13.0,6.0,1.0,9.0,3.0
2025-01-25,Southampton,Newcastle,1,3,12,17,5,9,A,20,17,5,0,0.0,8.0,1.0,2.0,14.0,4.0
2025-01-25,Brighton,Everton,0,1,16,3,1,1,A,4,8,5,0,1.0,11.0,4.0,0.0,9.0,0.0
2025-01-25,Bournemouth,Nott'm Forest,5,0,16,18,10,4,H,2,18,5,1,1.0,19.0,8.0,3.0,11.0,3.0
2025-01-25,Liverpool,Ipswich,4,1,16,3,6,3,H,13,10,5,1,2.0,19.0,6.0,2.0,7.0,3.0
2025-01-26,Aston Villa,West Ham,1,1,14,14,4,4,D,1,22,6,0,2.0,13.0,5.0,1.0,17.0,4.0
2025-01-26,Crystal Palace,Brentford,1,2,16,13,5,6,A,7,3,6,0,1.0,13.0,6.0,5.0,20.0,11.0
2025-01-26,Tottenham,Leicester,1,2,15,12,6,3,A,21,12,6,0,1.0,13.0,4.0,1.0,4.0,2.0
2025-01-26,Fulham,Man United,0,1,9,4,3,1,A,9,16,6,0,2.0,15.0,4.0,2.0,13.0,4.0
2025-02-01,Wolves,Aston Villa,2,0,8,10,5,3,H,23,1,5,1,0.0,9.0,4.0,2.0,8.0,4.0
2025-02-01,Newcastle,Fulham,1,2,11,15,4,4,A,17,9,5,0,1.0,13.0,5.0,2.0,17.0,2.0
2025-02-01,Ipswich,Southampton,1,2,15,9,6,4,A,10,20,5,0,0.0,8.0,4.0,2.0,10.0,4.0
2025-02-01,Everton,Leicester,4,0,13,9,7,1,H,8,12,5,1,3.0,12.0,6.0,2.0,12.0,3.0
2025-02-01,Bournemouth,Liverpool,0,2,14,19,3,7,A,2,13,5,0,5.0,16.0,10.0,2.0,37.0,8.0
2025-02-01,Nott'm Forest,Brighton,7,0,14,10,9,5,H,18,4,5,1,3.0,14.0,5.0,3.0,6.0,3.0
2025-02-02,Brentford,Tottenham,0,2,20,13,4,2,A,3,21,6,0,0.0,11.0,6.0,2.0,11.0,6.0
2025-02-02,Man United,Crystal Palace,0,2,17,11,2,3,A,16,7,6,0,1.0,10.0,1.0,2.0,12.0,7.0
2025-02-02,Arsenal,Man City,5,1,12,7,7,4,H,0,15,6,1,2.0,18.0,6.0,6.0,17.0,9.0
2025-02-03,Chelsea,West Ham,2,1,22,14,3,5,H,6,22,0,1,3.0,19.0,7.0,1.0,14.0,4.0
2025-02-12,Everton,Liverpool,2,2,10,6,3,4,D,8,13,2,0,4.0,13.0,7.0,2.0,19.0,7.0
2025-02-14,Brighton,Chelsea,3,0,13,8,5,0,H,4,6,4,1,0.0,16.0,1.0,1.0,10.0,4.0
2025-02-15,Leicester,Arsenal,0,2,6,11,2,5,A,12,0,5,0,0.0,8.0,4.0,1.0,9.0,3.0
2025-02-15,Aston Villa,Ipswich,1,1,25,4,6,3,D,1,10,5,0,1.0,14.0,4.0,1.0,3.0,3.0
2025-02-15,Fulham,Nott'm Forest,2,1,24,8,10,2,H,9,18,5,1,0.0,9.0,3.0,0.0,18.0,4.0
2025-02-15,Man City,Newcastle,4,0,11,3,7,1,H,15,17,5,1,3.0,15.0,6.0,3.0,17.0,9.0
2025-02-15,Southampton,Bournemouth,1,3,11,14,4,7,A,20,2,5,0,1.0,12.0,5.0,4.0,19.0,10.0
2025-02-15,West Ham,Brentford,0,1,13,14,3,5,A,22,3,5,0,0.0,7.0,0.0,2.0,13.0,6.0
2025-02-15,Crystal Palace,Everton,1,2,17,11,6,6,A,7,8,5,0,1.0,16.0,5.0,1.0,3.0,1.0
2025-02-16,Tottenham,Man United,1,0,22,16,7,6,H,21,16,6,1,1.0,15.0,6.0,1.0,4.0,1.0
2025-02-16,Liverpool,Wolves,2,1,10,16,3,4,H,13,23,6,1,4.0,16.0,6.0,1.0,9.0,4.0
2025-02-19,Aston Villa,Liverpool,2,2,9,17,4,3,D,1,13,2,0,1.0,25.0,6.0,2.0,6.0,4.0
2025-02-21,Leicester,Brentford,0,4,8,14,3,6,A,12,3,4,0,0.0,6.0,2.0,1.0,14.0,5.0
2025-02-22,Southampton,Brighton,0,4,6,18,1,12,A,20,4,5,0,1.0,11.0,4.0,0.0,10.0,5.0
2025-02-22,Everton,Man United,2,2,9,9,8,3,D,8,16,5,0,2.0,10.0,3.0,0.0,16.0,6.0
2025-02-22,Arsenal,West Ham,0,1,20,5,2,2,A,0,22,5,0,5.0,12.0,7.0,1.0,14.0,5.0
2025-02-22,Bournemouth,Wolves,0,1,8,13,3,5,A,2,23,5,0,0.0,14.0,3.0,1.0,16.0,4.0
2025-02-22,Fulham,Crystal Palace,0,2,10,10,0,5,A,9,7,5,0,2.0,24.0,10.0,2.0,11.0,3.0
2025-02-22,Ipswich,Tottenham,1,4,17,10,5,6,A,10,21,5,0,1.0,15.0,6.0,2.0,13.0,2.0
2025-02-22,Aston Villa,Chelsea,2,1,12,15,6,7,H,1,6,5,1,2.0,9.0,4.0,0.0,8.0,0.0
2025-02-23,Newcastle,Nott'm Forest,4,3,13,17,5,5,H,17,18,6,1,1.0,11.0,4.0,1.0,8.0,2.0
2025-02-23,Man City,Liverpool,0,2,16,8,5,4,A,15,13,6,0,4.0,11.0,7.0,2.0,17.0,3.0
2025-02-25,Brighton,Bournemouth,2,1,11,19,4,5,H,4,2,1,1,3.0,13.0,5.0,3.0,14.0,7.0
2025-02-25,Crystal Palace,Aston Villa,4,1,19,6,6,2,H,7,1,1,1,1.0,17.0,6.0,0.0,10.0,3.0
2025-02-25,Wolves,Fulham,1,2,18,11,5,5,A,23,9,1,0,2.0,8.0,5.0,2.0,15.0,4.0
2025-02-25,Chelsea,Southampton,4,0,19,7,10,2,H,6,20,1,1,2.0,22.0,3.0,2.0,9.0,4.0
2025-02-26,Liverpool,Newcastle,2,0,12,3,3,0,H,13,17,2,1,2.0,10.0,3.0,0.0,3.0,1.0
2025-02-26,Tottenham,Man City,0,1,11,12,6,5,A,21,15,2,0,1.0,22.0,7.0,1.0,7.0,4.0
2025-02-26,Man United,Ipswich,3,2,10,12,6,3,H,16,10,2,1,0.0,17.0,2.0,1.0,4.0,3.0
2025-02-26,Brentford,Everton,1,1,12,14,3,4,D,3,8,2,0,0.0,20.0,4.0,2.0,11.0,6.0
2025-02-26,Nott'm Forest,Arsenal,0,0,6,13,2,1,D,18,0,2,0,7.0,14.0,9.0,2.0,11.0,5.0
2025-02-27,West Ham,Leicester,2,0,8,10,2,2,H,22,12,3,1,0.0,13.0,3.0,0.0,9.0,1.0
2025-03-08,Nott'm Forest,Man City,1,0,9,14,4,3,H,18,15,5,1,0.0,6.0,2.0,1.0,12.0,5.0
2025-03-08,Brighton,Fulham,2,1,9,6,4,1,H,4,9,5,1,2.0,11.0,4.0,2.0,11.0,5.0
2025-03-08,Crystal Palace,Ipswich,1,0,19,15,4,8,H,7,10,5,1,4.0,19.0,6.0,2.0,12.0,3.0
2025-03-08,Liverpool,Southampton,3,1,28,6,7,4,H,13,20,5,1,2.0,12.0,3.0,0.0,7.0,2.0
2025-03-08,Brentford,Aston Villa,0,1,13,12,3,4,A,3,1,5,0,1.0,12.0,3.0,1.0,6.0,2.0
2025-03-08,Wolves,Everton,1,1,11,12,3,4,D,23,8,5,0,1.0,18.0,5.0,1.0,14.0,4.0
2025-03-09,Chelsea,Leicester,1,0,20,3,7,3,H,6,12,6,1,4.0,19.0,10.0,0.0,10.0,2.0
2025-03-09,Tottenham,Bournemouth,2,2,12,17,4,8,D,21,2,6,0,0.0,11.0,6.0,1.0,19.0,5.0
2025-03-09,Man United,Arsenal,1,1,10,17,6,6,D,16,0,6,0,3.0,10.0,6.0,0.0,13.0,1.0
2025-03-10,West Ham,Newcastle,0,1,9,9,2,3,A,22,17,0,0,2.0,8.0,2.0,0.0,3.0,0.0
2025-03-15,Southampton,Wolves,1,2,10,5,3,3,A,20,23,5,0,0.0,6.0,1.0,1.0,13.0,5.0
2025-03-15,Bournemouth,Brentford,1,2,17,10,5,4,A,2,3,5,0,0.0,8.0,3.0,4.0,14.0,6.0
2025-03-15,Man City,Brighton,2,2,11,15,3,3,D,15,4,5,0,0.0,16.0,5.0,4.0,18.0,12.0
2025-03-15,Ipswich,Nott'm Forest,2,4,11,11,4,6,A,10,18,5,0,1.0,17.0,5.0,3.0,17.0,5.0
2025-03-15,Everton,West Ham,1,1,13,10,5,5,D,8,22,5,0,2.0,9.0,8.0,1.0,5.0,2.0
2025-03-16,Arsenal,Chelsea,1,0,12,8,4,2,H,0,6,6,1,0.0,20.0,2.0,1.0,15.0,7.0
2025-03-16,Fulham,Tottenham,2,0,13,12,4,4,H,9,21,6,1,0.0,10.0,0.0,4.0,10.0,6.0
2025-03-16,Leicester,Man United,0,3,11,18,3,5,A,12,16,6,0,0.0,8.0,3.0,2.0,9.0,3.0
2025-04-01,Arsenal,Fulham,2,1,17,9,4,3,H,0,9,1,1,1.0,12.0,4.0,1.0,6.0,1.0
2025-04-01,Wolves,West Ham,1,0,9,10,2,1,H,23,22,1,1,1.0,11.0,3.0,1.0,10.0,5.0
2025-04-01,Nott'm Forest,Man United,1,0,8,23,2,6,H,18,16,1,1,1.0,9.0,4.0,3.0,18.0,5.0
2025-04-02,Bournemouth,Ipswich,1,2,24,10,7,2,A,2,10,2,0,1.0,17.0,5.0,0.0,15.0,8.0
2025-04-02,Brighton,Aston Villa,0,3,11,8,4,5,A,4,1,2,0,2.0,9.0,4.0,1.0,12.0,4.0
2025-04-02,Man City,Leicester,2,0,18,2,5,0,H,15,12,2,1,2.0,11.0,3.0,0.0,3.0,3.0
2025-04-02,Newcastle,Brentford,2,1,21,12,4,3,H,17,3,2,1,4.0,13.0,5.0,2.0,10.0,4.0
2025-04-02,Southampton,Crystal Palace,1,1,8,9,2,3,D,20,7,2,0,1.0,10.0,3.0,2.0,10.0,5.0
2025-04-02,Liverpool,Everton,1,0,17,5,3,0,H,13,8,2,1,3.0,28.0,7.0,1.0,12.0,4.0
2025-04-03,Chelsea,Tottenham,1,0,11,8,5,2,H,6,21,3,1,1.0,20.0,7.0,0.0,12.0,4.0
2025-04-05,West Ham,Bournemouth,2,2,9,11,3,4,D,22,2,5,0,0.0,9.0,2.0,2.0,17.0,8.0
2025-04-05,Aston Villa,Nott'm Forest,2,1,17,19,8,3,H,1,18,5,1,2.0,12.0,6.0,4.0,11.0,6.0
2025-04-05,Ipswich,Wolves,1,2,6,22,2,7,A,10,23,5,0,2.0,11.0,4.0,2.0,5.0,3.0
2025-04-05,Everton,Arsenal,1,1,5,14,2,5,D,8,0,5,0,1.0,13.0,5.0,1.0,17.0,6.0
2025-04-05,Crystal Palace,Brighton,2,1,8,11,3,5,H,7,4,5,1,1.0,19.0,4.0,2.0,15.0,3.0
2025-04-06,Brentford,Chelsea,0,0,9,21,2,5,D,3,6,6,0,0.0,13.0,3.0,0.0,8.0,2.0
2025-04-06,Fulham,Liverpool,3,2,12,14,6,6,H,9,13,6,1,2.0,13.0,4.0,2.0,8.0,4.0
2025-04-06,Tottenham,Southampton,3,1,13,12,8,4,H,21,20,6,1,2.0,12.0,4.0,1.0,6.0,4.0
2025-04-06,Man United,Man City,0,0,13,9,2,5,D,16,15,6,0,1.0,10.0,6.0,0.0,14.0,3.0
2025-04-07,Leicester,Newcastle,0,3,7,16,2,5,A,12,17,0,0,0.0,11.0,3.0,1.0,9.0,3.0
2025-04-12,Man City,Crystal Palace,5,2,21,8,9,3,H,15,7,5,1,2.0,18.0,5.0,1.0,9.0,3.0
2025-04-12,Brighton,Leicester,2,2,21,15,7,6,D,4,12,5,0,0.0,11.0,4.0,0.0,2.0,0.0
2025-04-12,Nott'm Forest,Everton,0,1,10,13,5,5,A,18,8,5,0,1.0,8.0,2.0,0.0,5.0,0.0
2025-04-12,Southampton,Aston Villa,0,3,7,25,2,10,A,20,1,5,0,1.0,8.0,2.0,3.0,8.0,5.0
2025-04-12,Arsenal,Brentford,1,1,14,3,3,2,D,0,3,5,0,2.0,17.0,4.0,1.0,12.0,3.0
2025-04-13,Chelsea,Ipswich,2,2,34,13,9,4,D,6,10,6,0,1.0,11.0,5.0,2.0,10.0,2.0
2025-04-13,Liverpool,West Ham,2,1,15,11,6,4,H,13,22,6,1,1.0,17.0,3.0,0.0,10.0,1.0
2025-04-13,Wolves,Tottenham,4,2,13,11,5,4,H,23,21,6,1,1.0,9.0,2.0,0.0,8.0,2.0
2025-04-13,Newcastle,Man United,4,1,13,9,6,5,H,17,16,6,1,2.0,21.0,4.0,0.0,23.0,6.0
2025-04-14,Bournemouth,Fulham,1,0,12,12,3,7,H,2,9,0,1,1.0,24.0,7.0,1.0,9.0,3.0
2025-04-16,Newcastle,Crystal Palace,5,0,14,11,7,4,H,17,7,2,1,4.0,13.0,6.0,2.0,8.0,3.0
2025-04-19,Brentford,Brighton,4,2,16,12,8,3,H,3,4,5,1,0.0,9.0,2.0,1.0,11.0,5.0
2025-04-19,Crystal Palace,Bournemouth,0,0,5,15,0,4,D,7,2,5,0,2.0,8.0,3.0,2.0,11.0,4.0
2025-04-19,Everton,Man City,0,2,8,12,3,7,A,8,15,5,0,1.0,5.0,2.0,0.0,9.0,5.0
2025-04-19,West Ham,Southampton,1,1,12,15,4,4,D,22,20,5,0,2.0,9.0,3.0,1.0,12.0,4.0
2025-04-19,Aston Villa,Newcastle,4,1,23,10,9,3,H,1,17,5,1,2.0,17.0,8.0,3.0,16.0,5.0
2025-04-20,Fulham,Chelsea,1,2,6,13,1,8,A,9,6,6,0,3.0,12.0,6.0,0.0,21.0,5.0
2025-04-20,Ipswich,Arsenal,0,4,4,24,0,7,A,10,0,6,0,1.0,6.0,2.0,1.0,14.0,5.0
2025-04-20,Man United,Wolves,0,1,12,4,2,2,A,16,23,6,0,0.0,13.0,2.0,2.0,22.0,7.0
2025-04-20,Leicester,Liverpool,0,1,5,28,0,10,A,12,13,6,0,0.0,7.0,2.0,2.0,14.0,6.0
2025-04-21,Tottenham,Nott'm Forest,1,2,22,4,6,3,A,21,18,0,0,3.0,13.0,8.0,1.0,19.0,3.0
2025-04-22,Man City,Aston Villa,2,1,14,7,6,3,H,15,1,1,1,5.0,21.0,9.0,3.0,25.0,10.0
2025-04-23,Arsenal,Crystal Palace,2,2,12,15,6,4,D,0,7,2,0,1.0,14.0,3.0,0.0,11.0,4.0
2025-04-26,Wolves,Leicester,3,0,20,8,6,2,H,23,12,5,1,4.0,13.0,5.0,2.0,15.0,6.0
2025-04-26,Southampton,Fulham,1,2,7,26,3,5,A,20,9,5,0,0.0,7.0,2.0,0.0,12.0,7.0
2025-04-26,Brighton,West Ham,3,2,16,12,9,4,H,4,22,5,1,2.0,21.0,7.0,1.0,11.0,4.0
2025-04-26,Chelsea,Everton,1,0,10,6,7,3,H,6,8,5,1,2.0,34.0,9.0,1.0,13.0,5.0
2025-04-26,Newcastle,Ipswich,3,0,25,4,5,0,H,17,10,5,1,5.0,14.0,7.0,2.0,13.0,4.0
2025-04-27,Bournemouth,Man United,1,1,8,25,1,6,D,2,16,6,0,1.0,12.0,3.0,1.0,9.0,5.0
2025-04-27,Liverpool,Tottenham,5,1,25,8,8,3,H,13,21,6,1,2.0,15.0,6.0,2.0,11.0,4.0
2025-05-01,Nott'm Forest,Brentford,0,2,14,11,5,3,A,18,3,3,0,0.0,10.0,5.0,1.0,3.0,2.0
2025-05-02,Man City,Wolves,1,0,9,6,2,1,H,15,23,4,1,2.0,14.0,6.0,1.0,4.0,2.0
2025-05-03,Aston Villa,Fulham,1,0,10,11,3,3,H,1,9,5,1,4.0,23.0,9.0,2.0,26.0,5.0
2025-05-03,Everton,Ipswich,2,2,8,12,3,5,D,8,10,5,0,0.0,8.0,3.0,0.0,4.0,0.0
2025-05-03,Leicester,Southampton,2,0,14,8,4,2,H,12,20,5,1,0.0,5.0,0.0,1.0,15.0,4.0
2025-05-03,Arsenal,Bournemouth,1,2,13,9,4,2,A,0,2,5,0,2.0,12.0,6.0,0.0,15.0,4.0
2025-05-04,Chelsea,Liverpool,3,1,17,11,7,2,H,6,13,6,1,1.0,10.0,7.0,1.0,28.0,10.0
2025-05-04,Brentford,Man United,4,3,12,14,6,5,H,3,16,6,1,4.0,16.0,8.0,1.0,25.0,6.0
2025-05-04,Brighton,Newcastle,1,1,5,13,2,5,D,4,17,6,0,3.0,16.0,9.0,1.0,10.0,3.0
2025-05-04,West Ham,Tottenham,1,1,11,7,2,2,D,22,21,6,0,1.0,12.0,4.0,1.0,8.0,3.0
2025-05-05,Crystal Palace,Nott'm Forest,1,1,20,12,3,4,D,7,18,0,0,0.0,5.0,0.0,2.0,4.0,3.0
2025-05-10,Fulham,Everton,1,3,18,11,6,7,A,9,8,5,0,1.0,6.0,1.0,0.0,6.0,3.0
2025-05-10,Ipswich,Brentford,0,1,11,15,4,5,A,10,3,5,0,0.0,4.0,0.0,2.0,11.0,3.0
2025-05-10,Southampton,Man City,0,0,2,26,0,5,D,20,15,5,0,1.0,7.0,3.0,2.0,12.0,7.0
2025-05-10,Wolves,Brighton,0,2,10,7,3,2,A,23,4,5,0,3.0,20.0,6.0,2.0,12.0,3.0
2025-05-10,Bournemouth,Aston Villa,0,1,10,6,4,3,A,2,1,5,0,1.0,8.0,1.0,1.0,7.0,3.0
2025-05-11,Newcastle,Chelsea,2,0,15,10,6,3,H,17,6,6,1,3.0,25.0,5.0,2.0,13.0,8.0
2025-05-11,Man United,West Ham,0,2,20,9,5,4,A,16,22,6,0,0.0,12.0,2.0,2.0,12.0,4.0
2025-05-11,Nott'm Forest,Leicester,2,2,15,10,4,6,D,18,12,6,0,0.0,14.0,5.0,0.0,8.0,2.0
2025-05-11,Tottenham,Crystal Palace,0,2,8,23,1,10,A,21,7,6,0,1.0,22.0,6.0,2.0,15.0,4.0
2025-05-11,Liverpool,Arsenal,2,2,14,15,5,7,D,13,0,6,0,5.0,25.0,8.0,4.0,24.0,7.0
2025-05-16,Aston Villa,Tottenham,2,0,18,3,7,1,H,1,21,4,1,1.0,10.0,3.0,1.0,7.0,2.0
2025-05-16,Chelsea,Man United,1,0,11,4,3,1,H,6,16,4,1,3.0,17.0,7.0,3.0,14.0,5.0
2025-05-18,Leicester,Ipswich,2,0,9,20,3,2,H,12,10,6,1,2.0,14.0,4.0,2.0,12.0,5.0
2025-05-18,Brentford,Fulham,2,3,11,16,6,7,A,3,9,6,0,4.0,12.0,6.0,0.0,11.0,3.0
2025-05-18,Arsenal,Newcastle,1,0,12,14,4,5,H,0,17,6,1,1.0,13.0,4.0,1.0,13.0,5.0
2025-05-18,Everton,Southampton,2,0,13,6,5,2,H,8,20,6,1,2.0,8.0,3.0,0.0,8.0,2.0
2025-05-18,West Ham,Nott'm Forest,1,2,16,10,5,5,A,22,18,6,0,1.0,11.0,2.0,1.0,12.0,4.0
2025-05-19,Brighton,Liverpool,3,2,25,18,12,5,H,4,13,0,1,1.0,5.0,2.0,1.0,11.0,2.0
2025-05-20,Man City,Bournemouth,3,1,12,8,5,2,H,15,2,1,1,1.0,9.0,2.0,2.0,9.0,2.0
2025-05-20,Crystal Palace,Wolves,4,2,14,12,10,3,H,7,23,1,1,1.0,20.0,3.0,0.0,6.0,1.0
2025-05-25,Nott'm Forest,Chelsea,0,1,10,6,2,2,A,18,6,6,0,2.0,15.0,4.0,0.0,10.0,3.0
2025-05-25,Newcastle,Everton,0,1,17,14,6,6,A,17,8,6,0,2.0,15.0,6.0,3.0,11.0,7.0
2025-05-25,Southampton,Arsenal,1,2,7,23,2,8,A,20,0,6,0,0.0,2.0,0.0,2.0,15.0,7.0
2025-05-25,Man United,Aston Villa,2,0,25,6,10,1,H,16,1,6,1,0.0,20.0,5.0,1.0,6.0,3.0
2025-05-25,Tottenham,Brighton,1,4,4,23,2,8,A,21,4,6,0,0.0,8.0,1.0,2.0,7.0,2.0
2025-05-25,Ipswich,West Ham,1,3,14,10,4,6,A,10,22,6,0,0.0,11.0,4.0,2.0,9.0,4.0
2025-05-25,Fulham,Man City,0,2,13,20,3,5,A,9,15,6,0,1.0,18.0,6.0,0.0,26.0,5.0
2025-05-25,Bournemouth,Leicester,2,0,20,3,7,0,H,2,12,6,1,0.0,10.0,4.0,2.0,10.0,6.0
2025-05-25,Liverpool,Crystal Palace,1,1,14,8,3,5,D,13,7,6,0,2.0,14.0,5.0,2.0,23.0,10.0
2025-05-25,Wolves,Brentford,1,1,18,13,6,7,D,23,3,6,0,0.0,10.0,3.0,1.0,15.0,5.0
